81604378624,JUMP_TARGET,-1,case Result::Success:,5,147,case,,,1,CPPASTCaseStatement
81604378625,JUMP_TARGET,-1,case Result::Exit:,5,149,case,,,4,CPPASTCaseStatement
81604378626,JUMP_TARGET,-1,case Result::Fail:,5,152,case,,,8,CPPASTCaseStatement
81604378627,JUMP_TARGET,-1,case Library::ErrorCode::OK:,9,2048,case,,,1,CPPASTCaseStatement
81604378628,JUMP_TARGET,-1,case Library::ErrorCode::FILE_NOT_FOUND:,9,2050,case,,,4,CPPASTCaseStatement
81604378629,JUMP_TARGET,-1,case Library::ErrorCode::BAD_XML:,9,2053,case,,,8,CPPASTCaseStatement
81604378630,JUMP_TARGET,-1,case Library::ErrorCode::UNKNOWN_ELEMENT:,9,2056,case,,,12,CPPASTCaseStatement
81604378631,JUMP_TARGET,-1,case Library::ErrorCode::MISSING_ATTRIBUTE:,9,2059,case,,,16,CPPASTCaseStatement
81604378632,JUMP_TARGET,-1,case Library::ErrorCode::BAD_ATTRIBUTE_VALUE:,9,2062,case,,,20,CPPASTCaseStatement
81604378633,JUMP_TARGET,-1,case Library::ErrorCode::UNSUPPORTED_FORMAT:,9,2065,case,,,24,CPPASTCaseStatement
81604378634,JUMP_TARGET,-1,case Library::ErrorCode::DUPLICATE_PLATFORM_TYPE:,9,2068,case,,,28,CPPASTCaseStatement
81604378635,JUMP_TARGET,-1,case Library::ErrorCode::PLATFORM_TYPE_REDEFINED:,9,2071,case,,,32,CPPASTCaseStatement
81604378636,JUMP_TARGET,-1,case Library::ErrorCode::DUPLICATE_DEFINE:,9,2074,case,,,36,CPPASTCaseStatement
81604378637,JUMP_TARGET,-1,case Severity::error:,13,203,case,,,1,CPPASTCaseStatement
81604378638,JUMP_TARGET,-1,case Severity::warning:,13,204,case,,,3,CPPASTCaseStatement
81604378639,JUMP_TARGET,-1,case Severity::style:,13,205,case,,,5,CPPASTCaseStatement
81604378640,JUMP_TARGET,-1,case Severity::portability:,13,206,case,,,7,CPPASTCaseStatement
81604378641,JUMP_TARGET,-1,case Severity::performance:,13,207,case,,,9,CPPASTCaseStatement
81604378642,JUMP_TARGET,-1,case Severity::information:,13,209,case,,,12,CPPASTCaseStatement
81604378643,JUMP_TARGET,-1,case Severity::internal:,13,210,case,,,14,CPPASTCaseStatement
81604378644,JUMP_TARGET,-1,case Severity::debug:,13,211,case,,,16,CPPASTCaseStatement
81604378645,JUMP_TARGET,-1,case Severity::none:,13,212,case,,,18,CPPASTCaseStatement
81604378646,JUMP_TARGET,-1,case '+':,13,1122,case,,,1,CPPASTCaseStatement
81604378647,JUMP_TARGET,-1,case '-':,13,1126,case,,,6,CPPASTCaseStatement
81604378648,JUMP_TARGET,-1,case '%':,13,2863,case,,,1,CPPASTCaseStatement
81604378649,JUMP_TARGET,-1,case '(':,13,2864,case,,,3,CPPASTCaseStatement
81604378650,JUMP_TARGET,-1,case '[':,13,2865,case,,,5,CPPASTCaseStatement
81604378651,JUMP_TARGET,-1,case '{':,13,2866,case,,,7,CPPASTCaseStatement
81604378652,JUMP_TARGET,-1,case '\\'':,13,2868,case,,,9,CPPASTCaseStatement
81604378653,JUMP_TARGET,-1,"case '""':",13,2869,case,,,11,CPPASTCaseStatement
81604378654,JUMP_TARGET,-1,case '?':,13,2870,case,,,13,CPPASTCaseStatement
81604378655,JUMP_TARGET,-1,case '\\\\':,13,2871,case,,,15,CPPASTCaseStatement
81604378656,JUMP_TARGET,-1,case 'a':,13,2875,case,,,19,CPPASTCaseStatement
81604378657,JUMP_TARGET,-1,case 'b':,13,2878,case,,,23,CPPASTCaseStatement
81604378658,JUMP_TARGET,-1,case 'f':,13,2881,case,,,27,CPPASTCaseStatement
81604378659,JUMP_TARGET,-1,case 'n':,13,2884,case,,,31,CPPASTCaseStatement
81604378660,JUMP_TARGET,-1,case 'r':,13,2887,case,,,35,CPPASTCaseStatement
81604378661,JUMP_TARGET,-1,case 't':,13,2890,case,,,39,CPPASTCaseStatement
81604378662,JUMP_TARGET,-1,case 'v':,13,2893,case,,,43,CPPASTCaseStatement
81604378663,JUMP_TARGET,-1,case 'e':,13,2898,case,,,47,CPPASTCaseStatement
81604378664,JUMP_TARGET,-1,case 'E':,13,2899,case,,,49,CPPASTCaseStatement
81604378665,JUMP_TARGET,-1,case '0':,13,2903,case,,,53,CPPASTCaseStatement
81604378666,JUMP_TARGET,-1,case '1':,13,2904,case,,,55,CPPASTCaseStatement
81604378667,JUMP_TARGET,-1,case '2':,13,2905,case,,,57,CPPASTCaseStatement
81604378668,JUMP_TARGET,-1,case '3':,13,2906,case,,,59,CPPASTCaseStatement
81604378669,JUMP_TARGET,-1,case '4':,13,2907,case,,,61,CPPASTCaseStatement
81604378670,JUMP_TARGET,-1,case '5':,13,2908,case,,,63,CPPASTCaseStatement
81604378671,JUMP_TARGET,-1,case '6':,13,2909,case,,,65,CPPASTCaseStatement
81604378672,JUMP_TARGET,-1,case '7':,13,2910,case,,,67,CPPASTCaseStatement
81604378673,JUMP_TARGET,-1,case 'x':,13,2915,case,,,71,CPPASTCaseStatement
81604378674,JUMP_TARGET,-1,case 'u':,13,2920,case,,,75,CPPASTCaseStatement
81604378675,JUMP_TARGET,-1,case 'U':,13,2921,case,,,77,CPPASTCaseStatement
81604378676,JUMP_TARGET,-1,default:,13,2937,default,,,80,CPPASTDefaultStatement
81604378677,JUMP_TARGET,-1,case C89:,5,3820,case,,,1,CPPASTCaseStatement
81604378678,JUMP_TARGET,-1,case C99:,5,3823,case,,,4,CPPASTCaseStatement
81604378679,JUMP_TARGET,-1,case C11:,5,3825,case,,,7,CPPASTCaseStatement
81604378680,JUMP_TARGET,-1,case C17:,5,3827,case,,,10,CPPASTCaseStatement
81604378681,JUMP_TARGET,-1,case C23:,5,3829,case,,,13,CPPASTCaseStatement
81604378682,JUMP_TARGET,-1,case CUnknown:,5,3835,case,,,16,CPPASTCaseStatement
81604378683,JUMP_TARGET,-1,case CPP03:,5,3868,case,,,1,CPPASTCaseStatement
81604378684,JUMP_TARGET,-1,case CPP11:,5,3870,case,,,4,CPPASTCaseStatement
81604378685,JUMP_TARGET,-1,case CPP14:,5,3872,case,,,7,CPPASTCaseStatement
81604378686,JUMP_TARGET,-1,case CPP17:,5,3874,case,,,10,CPPASTCaseStatement
81604378687,JUMP_TARGET,-1,case CPP20:,5,3876,case,,,13,CPPASTCaseStatement
81604378688,JUMP_TARGET,-1,case CPP23:,5,3879,case,,,16,CPPASTCaseStatement
81604378689,JUMP_TARGET,-1,case CPP26:,5,3885,case,,,19,CPPASTCaseStatement
81604378690,JUMP_TARGET,-1,case CPPUnknown:,5,3888,case,,,22,CPPASTCaseStatement
81604378691,JUMP_TARGET,-1,case 4:,9,450,case,,,1,CPPASTCaseStatement
81604378692,JUMP_TARGET,-1,case 3:,9,455,case,,,6,CPPASTCaseStatement
81604378693,JUMP_TARGET,-1,case 2:,9,460,case,,,11,CPPASTCaseStatement
81604378694,JUMP_TARGET,-1,case 1:,9,465,case,,,16,CPPASTCaseStatement
81604378695,JUMP_TARGET,-1,default:,9,469,default,,,21,CPPASTDefaultStatement
81604378696,JUMP_TARGET,-1,case ShowTypes::ShowStyle:,5,43,case,,,1,CPPASTCaseStatement
81604378697,JUMP_TARGET,-1,case ShowTypes::ShowWarnings:,5,46,case,,,5,CPPASTCaseStatement
81604378698,JUMP_TARGET,-1,case ShowTypes::ShowPerformance:,5,49,case,,,9,CPPASTCaseStatement
81604378699,JUMP_TARGET,-1,case ShowTypes::ShowPortability:,5,52,case,,,13,CPPASTCaseStatement
81604378700,JUMP_TARGET,-1,case ShowTypes::ShowErrors:,5,55,case,,,17,CPPASTCaseStatement
81604378701,JUMP_TARGET,-1,case ShowTypes::ShowInformation:,5,58,case,,,21,CPPASTCaseStatement
81604378702,JUMP_TARGET,-1,case ShowTypes::ShowNone:,5,61,case,,,25,CPPASTCaseStatement
81604378703,JUMP_TARGET,-1,default:,5,62,default,,,27,CPPASTDefaultStatement
81604378704,JUMP_TARGET,-1,case ShowTypes::ShowStyle:,5,89,case,,,1,CPPASTCaseStatement
81604378705,JUMP_TARGET,-1,case ShowTypes::ShowWarnings:,5,91,case,,,4,CPPASTCaseStatement
81604378706,JUMP_TARGET,-1,case ShowTypes::ShowPerformance:,5,93,case,,,7,CPPASTCaseStatement
81604378707,JUMP_TARGET,-1,case ShowTypes::ShowPortability:,5,95,case,,,10,CPPASTCaseStatement
81604378708,JUMP_TARGET,-1,case ShowTypes::ShowErrors:,5,97,case,,,13,CPPASTCaseStatement
81604378709,JUMP_TARGET,-1,case ShowTypes::ShowInformation:,5,99,case,,,16,CPPASTCaseStatement
81604378710,JUMP_TARGET,-1,case ShowTypes::ShowNone:,5,101,case,,,19,CPPASTCaseStatement
81604378711,JUMP_TARGET,-1,default:,5,102,default,,,21,CPPASTDefaultStatement
81604378712,JUMP_TARGET,-1,case RuleRole::Keyword:,5,252,case,,,1,CPPASTCaseStatement
81604378713,JUMP_TARGET,-1,case RuleRole::Class:,5,255,case,,,5,CPPASTCaseStatement
81604378714,JUMP_TARGET,-1,case RuleRole::Comment:,5,258,case,,,9,CPPASTCaseStatement
81604378715,JUMP_TARGET,-1,case RuleRole::Quote:,5,261,case,,,13,CPPASTCaseStatement
81604378716,JUMP_TARGET,-1,case RuleRole::Symbol:,5,264,case,,,17,CPPASTCaseStatement
81604378717,JUMP_TARGET,-1,case QDialogButtonBox::StandardButton::Save:,5,117,case,,,1,CPPASTCaseStatement
81604378718,JUMP_TARGET,-1,case QDialogButtonBox::StandardButton::Close:,5,120,case,,,5,CPPASTCaseStatement
81604378719,JUMP_TARGET,-1,default:,5,123,default,,,9,CPPASTDefaultStatement
81604378720,JUMP_TARGET,-1,case QXmlStreamReader::Comment:,9,472,case,,,1,CPPASTCaseStatement
81604378721,JUMP_TARGET,-1,case QXmlStreamReader::StartElement:,9,477,case,,,6,CPPASTCaseStatement
81604378722,JUMP_TARGET,-1,default:,9,513,default,,,11,CPPASTDefaultStatement
81604378723,JUMP_TARGET,-1,case Library::ErrorCode::OK:,9,954,case,,,1,CPPASTCaseStatement
81604378724,JUMP_TARGET,-1,case Library::ErrorCode::FILE_NOT_FOUND:,9,956,case,,,4,CPPASTCaseStatement
81604378725,JUMP_TARGET,-1,case Library::ErrorCode::BAD_XML:,9,959,case,,,8,CPPASTCaseStatement
81604378726,JUMP_TARGET,-1,case Library::ErrorCode::MISSING_ATTRIBUTE:,9,962,case,,,12,CPPASTCaseStatement
81604378727,JUMP_TARGET,-1,case Library::ErrorCode::BAD_ATTRIBUTE_VALUE:,9,965,case,,,16,CPPASTCaseStatement
81604378728,JUMP_TARGET,-1,case Library::ErrorCode::UNSUPPORTED_FORMAT:,9,968,case,,,20,CPPASTCaseStatement
81604378729,JUMP_TARGET,-1,case Library::ErrorCode::DUPLICATE_PLATFORM_TYPE:,9,971,case,,,24,CPPASTCaseStatement
81604378730,JUMP_TARGET,-1,case Library::ErrorCode::PLATFORM_TYPE_REDEFINED:,9,974,case,,,28,CPPASTCaseStatement
81604378731,JUMP_TARGET,-1,case Library::ErrorCode::DUPLICATE_DEFINE:,9,977,case,,,32,CPPASTCaseStatement
81604378732,JUMP_TARGET,-1,case Library::ErrorCode::UNKNOWN_ELEMENT:,9,980,case,,,36,CPPASTCaseStatement
81604378733,JUMP_TARGET,-1,default:,9,983,default,,,40,CPPASTDefaultStatement
81604378734,JUMP_TARGET,-1,case ProjectFile::CheckLevel::reduced:,9,1139,case,,,1,CPPASTCaseStatement
81604378735,JUMP_TARGET,-1,case ProjectFile::CheckLevel::normal:,9,1142,case,,,5,CPPASTCaseStatement
81604378736,JUMP_TARGET,-1,case ProjectFile::CheckLevel::exhaustive:,9,1145,case,,,9,CPPASTCaseStatement
81604378737,JUMP_TARGET,-1,case ImportProject::Type::COMPILE_DB:,13,1924,case,,,1,CPPASTCaseStatement
81604378738,JUMP_TARGET,-1,case ImportProject::Type::VS_SLN:,13,1925,case,,,3,CPPASTCaseStatement
81604378739,JUMP_TARGET,-1,case ImportProject::Type::VS_VCXPROJ:,13,1926,case,,,5,CPPASTCaseStatement
81604378740,JUMP_TARGET,-1,case ImportProject::Type::BORLAND:,13,1927,case,,,7,CPPASTCaseStatement
81604378741,JUMP_TARGET,-1,case ImportProject::Type::CPPCHECK_GUI:,13,1928,case,,,9,CPPASTCaseStatement
81604378742,JUMP_TARGET,-1,case ImportProject::Type::MISSING:,13,1931,case,,,12,CPPASTCaseStatement
81604378743,JUMP_TARGET,-1,case ImportProject::Type::UNKNOWN:,13,1934,case,,,16,CPPASTCaseStatement
81604378744,JUMP_TARGET,-1,case ImportProject::Type::FAILURE:,13,1937,case,,,20,CPPASTCaseStatement
81604378745,JUMP_TARGET,-1,case ImportProject::Type::NONE:,13,1940,case,,,24,CPPASTCaseStatement
81604378746,JUMP_TARGET,-1,case QXmlStreamReader::StartElement:,9,112,case,,,1,CPPASTCaseStatement
81604378747,JUMP_TARGET,-1,case QXmlStreamReader::EndElement:,9,242,case,,,40,CPPASTCaseStatement
81604378748,JUMP_TARGET,-1,case QXmlStreamReader::NoToken:,9,248,case,,,44,CPPASTCaseStatement
81604378749,JUMP_TARGET,-1,case QXmlStreamReader::Invalid:,9,249,case,,,46,CPPASTCaseStatement
81604378750,JUMP_TARGET,-1,case QXmlStreamReader::StartDocument:,9,250,case,,,48,CPPASTCaseStatement
81604378751,JUMP_TARGET,-1,case QXmlStreamReader::EndDocument:,9,251,case,,,50,CPPASTCaseStatement
81604378752,JUMP_TARGET,-1,case QXmlStreamReader::Characters:,9,252,case,,,52,CPPASTCaseStatement
81604378753,JUMP_TARGET,-1,case QXmlStreamReader::Comment:,9,253,case,,,54,CPPASTCaseStatement
81604378754,JUMP_TARGET,-1,case QXmlStreamReader::DTD:,9,254,case,,,56,CPPASTCaseStatement
81604378755,JUMP_TARGET,-1,case QXmlStreamReader::EntityReference:,9,255,case,,,58,CPPASTCaseStatement
81604378756,JUMP_TARGET,-1,case QXmlStreamReader::ProcessingInstruction:,9,256,case,,,60,CPPASTCaseStatement
81604378757,JUMP_TARGET,-1,case QXmlStreamReader::Characters:,9,279,case,,,1,CPPASTCaseStatement
81604378758,JUMP_TARGET,-1,case QXmlStreamReader::EndElement:,9,282,case,,,4,CPPASTCaseStatement
81604378759,JUMP_TARGET,-1,case QXmlStreamReader::StartElement:,9,285,case,,,7,CPPASTCaseStatement
81604378760,JUMP_TARGET,-1,case QXmlStreamReader::NoToken:,9,286,case,,,9,CPPASTCaseStatement
81604378761,JUMP_TARGET,-1,case QXmlStreamReader::Invalid:,9,287,case,,,11,CPPASTCaseStatement
81604378762,JUMP_TARGET,-1,case QXmlStreamReader::StartDocument:,9,288,case,,,13,CPPASTCaseStatement
81604378763,JUMP_TARGET,-1,case QXmlStreamReader::EndDocument:,9,289,case,,,15,CPPASTCaseStatement
81604378764,JUMP_TARGET,-1,case QXmlStreamReader::Comment:,9,290,case,,,17,CPPASTCaseStatement
81604378765,JUMP_TARGET,-1,case QXmlStreamReader::DTD:,9,291,case,,,19,CPPASTCaseStatement
81604378766,JUMP_TARGET,-1,case QXmlStreamReader::EntityReference:,9,292,case,,,21,CPPASTCaseStatement
81604378767,JUMP_TARGET,-1,case QXmlStreamReader::ProcessingInstruction:,9,293,case,,,23,CPPASTCaseStatement
81604378768,JUMP_TARGET,-1,case QXmlStreamReader::Characters:,9,305,case,,,1,CPPASTCaseStatement
81604378769,JUMP_TARGET,-1,case QXmlStreamReader::EndElement:,9,308,case,,,4,CPPASTCaseStatement
81604378770,JUMP_TARGET,-1,case QXmlStreamReader::StartElement:,9,311,case,,,7,CPPASTCaseStatement
81604378771,JUMP_TARGET,-1,case QXmlStreamReader::NoToken:,9,312,case,,,9,CPPASTCaseStatement
81604378772,JUMP_TARGET,-1,case QXmlStreamReader::Invalid:,9,313,case,,,11,CPPASTCaseStatement
81604378773,JUMP_TARGET,-1,case QXmlStreamReader::StartDocument:,9,314,case,,,13,CPPASTCaseStatement
81604378774,JUMP_TARGET,-1,case QXmlStreamReader::EndDocument:,9,315,case,,,15,CPPASTCaseStatement
81604378775,JUMP_TARGET,-1,case QXmlStreamReader::Comment:,9,316,case,,,17,CPPASTCaseStatement
81604378776,JUMP_TARGET,-1,case QXmlStreamReader::DTD:,9,317,case,,,19,CPPASTCaseStatement
81604378777,JUMP_TARGET,-1,case QXmlStreamReader::EntityReference:,9,318,case,,,21,CPPASTCaseStatement
81604378778,JUMP_TARGET,-1,case QXmlStreamReader::ProcessingInstruction:,9,319,case,,,23,CPPASTCaseStatement
81604378779,JUMP_TARGET,-1,case QXmlStreamReader::Characters:,9,331,case,,,1,CPPASTCaseStatement
81604378780,JUMP_TARGET,-1,case QXmlStreamReader::EndElement:,9,334,case,,,4,CPPASTCaseStatement
81604378781,JUMP_TARGET,-1,case QXmlStreamReader::StartElement:,9,337,case,,,7,CPPASTCaseStatement
81604378782,JUMP_TARGET,-1,case QXmlStreamReader::NoToken:,9,338,case,,,9,CPPASTCaseStatement
81604378783,JUMP_TARGET,-1,case QXmlStreamReader::Invalid:,9,339,case,,,11,CPPASTCaseStatement
81604378784,JUMP_TARGET,-1,case QXmlStreamReader::StartDocument:,9,340,case,,,13,CPPASTCaseStatement
81604378785,JUMP_TARGET,-1,case QXmlStreamReader::EndDocument:,9,341,case,,,15,CPPASTCaseStatement
81604378786,JUMP_TARGET,-1,case QXmlStreamReader::Comment:,9,342,case,,,17,CPPASTCaseStatement
81604378787,JUMP_TARGET,-1,case QXmlStreamReader::DTD:,9,343,case,,,19,CPPASTCaseStatement
81604378788,JUMP_TARGET,-1,case QXmlStreamReader::EntityReference:,9,344,case,,,21,CPPASTCaseStatement
81604378789,JUMP_TARGET,-1,case QXmlStreamReader::ProcessingInstruction:,9,345,case,,,23,CPPASTCaseStatement
81604378790,JUMP_TARGET,-1,case QXmlStreamReader::Characters:,9,357,case,,,1,CPPASTCaseStatement
81604378791,JUMP_TARGET,-1,case QXmlStreamReader::EndElement:,9,360,case,,,4,CPPASTCaseStatement
81604378792,JUMP_TARGET,-1,case QXmlStreamReader::StartElement:,9,363,case,,,7,CPPASTCaseStatement
81604378793,JUMP_TARGET,-1,case QXmlStreamReader::NoToken:,9,364,case,,,9,CPPASTCaseStatement
81604378794,JUMP_TARGET,-1,case QXmlStreamReader::Invalid:,9,365,case,,,11,CPPASTCaseStatement
81604378795,JUMP_TARGET,-1,case QXmlStreamReader::StartDocument:,9,366,case,,,13,CPPASTCaseStatement
81604378796,JUMP_TARGET,-1,case QXmlStreamReader::EndDocument:,9,367,case,,,15,CPPASTCaseStatement
81604378797,JUMP_TARGET,-1,case QXmlStreamReader::Comment:,9,368,case,,,17,CPPASTCaseStatement
81604378798,JUMP_TARGET,-1,case QXmlStreamReader::DTD:,9,369,case,,,19,CPPASTCaseStatement
81604378799,JUMP_TARGET,-1,case QXmlStreamReader::EntityReference:,9,370,case,,,21,CPPASTCaseStatement
81604378800,JUMP_TARGET,-1,case QXmlStreamReader::ProcessingInstruction:,9,371,case,,,23,CPPASTCaseStatement
81604378801,JUMP_TARGET,-1,case QXmlStreamReader::Characters:,9,383,case,,,1,CPPASTCaseStatement
81604378802,JUMP_TARGET,-1,case QXmlStreamReader::EndElement:,9,386,case,,,4,CPPASTCaseStatement
81604378803,JUMP_TARGET,-1,case QXmlStreamReader::StartElement:,9,389,case,,,7,CPPASTCaseStatement
81604378804,JUMP_TARGET,-1,case QXmlStreamReader::NoToken:,9,390,case,,,9,CPPASTCaseStatement
81604378805,JUMP_TARGET,-1,case QXmlStreamReader::Invalid:,9,391,case,,,11,CPPASTCaseStatement
81604378806,JUMP_TARGET,-1,case QXmlStreamReader::StartDocument:,9,392,case,,,13,CPPASTCaseStatement
81604378807,JUMP_TARGET,-1,case QXmlStreamReader::EndDocument:,9,393,case,,,15,CPPASTCaseStatement
81604378808,JUMP_TARGET,-1,case QXmlStreamReader::Comment:,9,394,case,,,17,CPPASTCaseStatement
81604378809,JUMP_TARGET,-1,case QXmlStreamReader::DTD:,9,395,case,,,19,CPPASTCaseStatement
81604378810,JUMP_TARGET,-1,case QXmlStreamReader::EntityReference:,9,396,case,,,21,CPPASTCaseStatement
81604378811,JUMP_TARGET,-1,case QXmlStreamReader::ProcessingInstruction:,9,397,case,,,23,CPPASTCaseStatement
81604378812,JUMP_TARGET,-1,case QXmlStreamReader::StartElement:,9,409,case,,,1,CPPASTCaseStatement
81604378813,JUMP_TARGET,-1,case QXmlStreamReader::EndElement:,9,420,case,,,5,CPPASTCaseStatement
81604378814,JUMP_TARGET,-1,case QXmlStreamReader::NoToken:,9,426,case,,,9,CPPASTCaseStatement
81604378815,JUMP_TARGET,-1,case QXmlStreamReader::Invalid:,9,427,case,,,11,CPPASTCaseStatement
81604378816,JUMP_TARGET,-1,case QXmlStreamReader::StartDocument:,9,428,case,,,13,CPPASTCaseStatement
81604378817,JUMP_TARGET,-1,case QXmlStreamReader::EndDocument:,9,429,case,,,15,CPPASTCaseStatement
81604378818,JUMP_TARGET,-1,case QXmlStreamReader::Characters:,9,430,case,,,17,CPPASTCaseStatement
81604378819,JUMP_TARGET,-1,case QXmlStreamReader::Comment:,9,431,case,,,19,CPPASTCaseStatement
81604378820,JUMP_TARGET,-1,case QXmlStreamReader::DTD:,9,432,case,,,21,CPPASTCaseStatement
81604378821,JUMP_TARGET,-1,case QXmlStreamReader::EntityReference:,9,433,case,,,23,CPPASTCaseStatement
81604378822,JUMP_TARGET,-1,case QXmlStreamReader::ProcessingInstruction:,9,434,case,,,25,CPPASTCaseStatement
81604378823,JUMP_TARGET,-1,case QXmlStreamReader::StartElement:,9,446,case,,,1,CPPASTCaseStatement
81604378824,JUMP_TARGET,-1,case QXmlStreamReader::EndElement:,9,456,case,,,5,CPPASTCaseStatement
81604378825,JUMP_TARGET,-1,case QXmlStreamReader::NoToken:,9,462,case,,,9,CPPASTCaseStatement
81604378826,JUMP_TARGET,-1,case QXmlStreamReader::Invalid:,9,463,case,,,11,CPPASTCaseStatement
81604378827,JUMP_TARGET,-1,case QXmlStreamReader::StartDocument:,9,464,case,,,13,CPPASTCaseStatement
81604378828,JUMP_TARGET,-1,case QXmlStreamReader::EndDocument:,9,465,case,,,15,CPPASTCaseStatement
81604378829,JUMP_TARGET,-1,case QXmlStreamReader::Characters:,9,466,case,,,17,CPPASTCaseStatement
81604378830,JUMP_TARGET,-1,case QXmlStreamReader::Comment:,9,467,case,,,19,CPPASTCaseStatement
81604378831,JUMP_TARGET,-1,case QXmlStreamReader::DTD:,9,468,case,,,21,CPPASTCaseStatement
81604378832,JUMP_TARGET,-1,case QXmlStreamReader::EntityReference:,9,469,case,,,23,CPPASTCaseStatement
81604378833,JUMP_TARGET,-1,case QXmlStreamReader::ProcessingInstruction:,9,470,case,,,25,CPPASTCaseStatement
81604378834,JUMP_TARGET,-1,case QXmlStreamReader::StartElement:,9,482,case,,,1,CPPASTCaseStatement
81604378835,JUMP_TARGET,-1,case QXmlStreamReader::EndElement:,9,493,case,,,5,CPPASTCaseStatement
81604378836,JUMP_TARGET,-1,case QXmlStreamReader::NoToken:,9,499,case,,,9,CPPASTCaseStatement
81604378837,JUMP_TARGET,-1,case QXmlStreamReader::Invalid:,9,500,case,,,11,CPPASTCaseStatement
81604378838,JUMP_TARGET,-1,case QXmlStreamReader::StartDocument:,9,501,case,,,13,CPPASTCaseStatement
81604378839,JUMP_TARGET,-1,case QXmlStreamReader::EndDocument:,9,502,case,,,15,CPPASTCaseStatement
81604378840,JUMP_TARGET,-1,case QXmlStreamReader::Characters:,9,503,case,,,17,CPPASTCaseStatement
81604378841,JUMP_TARGET,-1,case QXmlStreamReader::Comment:,9,504,case,,,19,CPPASTCaseStatement
81604378842,JUMP_TARGET,-1,case QXmlStreamReader::DTD:,9,505,case,,,21,CPPASTCaseStatement
81604378843,JUMP_TARGET,-1,case QXmlStreamReader::EntityReference:,9,506,case,,,23,CPPASTCaseStatement
81604378844,JUMP_TARGET,-1,case QXmlStreamReader::ProcessingInstruction:,9,507,case,,,25,CPPASTCaseStatement
81604378845,JUMP_TARGET,-1,case QXmlStreamReader::StartElement:,9,519,case,,,1,CPPASTCaseStatement
81604378846,JUMP_TARGET,-1,case QXmlStreamReader::EndElement:,9,536,case,,,5,CPPASTCaseStatement
81604378847,JUMP_TARGET,-1,case QXmlStreamReader::NoToken:,9,544,case,,,10,CPPASTCaseStatement
81604378848,JUMP_TARGET,-1,case QXmlStreamReader::Invalid:,9,545,case,,,12,CPPASTCaseStatement
81604378849,JUMP_TARGET,-1,case QXmlStreamReader::StartDocument:,9,546,case,,,14,CPPASTCaseStatement
81604378850,JUMP_TARGET,-1,case QXmlStreamReader::EndDocument:,9,547,case,,,16,CPPASTCaseStatement
81604378851,JUMP_TARGET,-1,case QXmlStreamReader::Characters:,9,548,case,,,18,CPPASTCaseStatement
81604378852,JUMP_TARGET,-1,case QXmlStreamReader::Comment:,9,549,case,,,20,CPPASTCaseStatement
81604378853,JUMP_TARGET,-1,case QXmlStreamReader::DTD:,9,550,case,,,22,CPPASTCaseStatement
81604378854,JUMP_TARGET,-1,case QXmlStreamReader::EntityReference:,9,551,case,,,24,CPPASTCaseStatement
81604378855,JUMP_TARGET,-1,case QXmlStreamReader::ProcessingInstruction:,9,552,case,,,26,CPPASTCaseStatement
81604378856,JUMP_TARGET,-1,case QXmlStreamReader::StartElement:,9,563,case,,,1,CPPASTCaseStatement
81604378857,JUMP_TARGET,-1,case QXmlStreamReader::EndElement:,9,575,case,,,5,CPPASTCaseStatement
81604378858,JUMP_TARGET,-1,case QXmlStreamReader::NoToken:,9,581,case,,,9,CPPASTCaseStatement
81604378859,JUMP_TARGET,-1,case QXmlStreamReader::Invalid:,9,582,case,,,11,CPPASTCaseStatement
81604378860,JUMP_TARGET,-1,case QXmlStreamReader::StartDocument:,9,583,case,,,13,CPPASTCaseStatement
81604378861,JUMP_TARGET,-1,case QXmlStreamReader::EndDocument:,9,584,case,,,15,CPPASTCaseStatement
81604378862,JUMP_TARGET,-1,case QXmlStreamReader::Characters:,9,585,case,,,17,CPPASTCaseStatement
81604378863,JUMP_TARGET,-1,case QXmlStreamReader::Comment:,9,586,case,,,19,CPPASTCaseStatement
81604378864,JUMP_TARGET,-1,case QXmlStreamReader::DTD:,9,587,case,,,21,CPPASTCaseStatement
81604378865,JUMP_TARGET,-1,case QXmlStreamReader::EntityReference:,9,588,case,,,23,CPPASTCaseStatement
81604378866,JUMP_TARGET,-1,case QXmlStreamReader::ProcessingInstruction:,9,589,case,,,25,CPPASTCaseStatement
81604378867,JUMP_TARGET,-1,case QXmlStreamReader::Characters:,9,600,case,,,1,CPPASTCaseStatement
81604378868,JUMP_TARGET,-1,case QXmlStreamReader::EndElement:,9,603,case,,,4,CPPASTCaseStatement
81604378869,JUMP_TARGET,-1,case QXmlStreamReader::StartElement:,9,606,case,,,7,CPPASTCaseStatement
81604378870,JUMP_TARGET,-1,case QXmlStreamReader::NoToken:,9,607,case,,,9,CPPASTCaseStatement
81604378871,JUMP_TARGET,-1,case QXmlStreamReader::Invalid:,9,608,case,,,11,CPPASTCaseStatement
81604378872,JUMP_TARGET,-1,case QXmlStreamReader::StartDocument:,9,609,case,,,13,CPPASTCaseStatement
81604378873,JUMP_TARGET,-1,case QXmlStreamReader::EndDocument:,9,610,case,,,15,CPPASTCaseStatement
81604378874,JUMP_TARGET,-1,case QXmlStreamReader::Comment:,9,611,case,,,17,CPPASTCaseStatement
81604378875,JUMP_TARGET,-1,case QXmlStreamReader::DTD:,9,612,case,,,19,CPPASTCaseStatement
81604378876,JUMP_TARGET,-1,case QXmlStreamReader::EntityReference:,9,613,case,,,21,CPPASTCaseStatement
81604378877,JUMP_TARGET,-1,case QXmlStreamReader::ProcessingInstruction:,9,614,case,,,23,CPPASTCaseStatement
81604378878,JUMP_TARGET,-1,case QXmlStreamReader::StartElement:,9,626,case,,,1,CPPASTCaseStatement
81604378879,JUMP_TARGET,-1,case QXmlStreamReader::EndElement:,9,646,case,,,5,CPPASTCaseStatement
81604378880,JUMP_TARGET,-1,case QXmlStreamReader::NoToken:,9,652,case,,,9,CPPASTCaseStatement
81604378881,JUMP_TARGET,-1,case QXmlStreamReader::Invalid:,9,653,case,,,11,CPPASTCaseStatement
81604378882,JUMP_TARGET,-1,case QXmlStreamReader::StartDocument:,9,654,case,,,13,CPPASTCaseStatement
81604378883,JUMP_TARGET,-1,case QXmlStreamReader::EndDocument:,9,655,case,,,15,CPPASTCaseStatement
81604378884,JUMP_TARGET,-1,case QXmlStreamReader::Characters:,9,656,case,,,17,CPPASTCaseStatement
81604378885,JUMP_TARGET,-1,case QXmlStreamReader::Comment:,9,657,case,,,19,CPPASTCaseStatement
81604378886,JUMP_TARGET,-1,case QXmlStreamReader::DTD:,9,658,case,,,21,CPPASTCaseStatement
81604378887,JUMP_TARGET,-1,case QXmlStreamReader::EntityReference:,9,659,case,,,23,CPPASTCaseStatement
81604378888,JUMP_TARGET,-1,case QXmlStreamReader::ProcessingInstruction:,9,660,case,,,25,CPPASTCaseStatement
81604378889,JUMP_TARGET,-1,case QXmlStreamReader::StartElement:,9,672,case,,,1,CPPASTCaseStatement
81604378890,JUMP_TARGET,-1,case QXmlStreamReader::EndElement:,9,680,case,,,5,CPPASTCaseStatement
81604378891,JUMP_TARGET,-1,case QXmlStreamReader::NoToken:,9,686,case,,,9,CPPASTCaseStatement
81604378892,JUMP_TARGET,-1,case QXmlStreamReader::Invalid:,9,687,case,,,11,CPPASTCaseStatement
81604378893,JUMP_TARGET,-1,case QXmlStreamReader::StartDocument:,9,688,case,,,13,CPPASTCaseStatement
81604378894,JUMP_TARGET,-1,case QXmlStreamReader::EndDocument:,9,689,case,,,15,CPPASTCaseStatement
81604378895,JUMP_TARGET,-1,case QXmlStreamReader::Characters:,9,690,case,,,17,CPPASTCaseStatement
81604378896,JUMP_TARGET,-1,case QXmlStreamReader::Comment:,9,691,case,,,19,CPPASTCaseStatement
81604378897,JUMP_TARGET,-1,case QXmlStreamReader::DTD:,9,692,case,,,21,CPPASTCaseStatement
81604378898,JUMP_TARGET,-1,case QXmlStreamReader::EntityReference:,9,693,case,,,23,CPPASTCaseStatement
81604378899,JUMP_TARGET,-1,case QXmlStreamReader::ProcessingInstruction:,9,694,case,,,25,CPPASTCaseStatement
81604378900,JUMP_TARGET,-1,case QXmlStreamReader::StartElement:,9,707,case,,,1,CPPASTCaseStatement
81604378901,JUMP_TARGET,-1,case QXmlStreamReader::EndElement:,9,718,case,,,5,CPPASTCaseStatement
81604378902,JUMP_TARGET,-1,case QXmlStreamReader::NoToken:,9,724,case,,,9,CPPASTCaseStatement
81604378903,JUMP_TARGET,-1,case QXmlStreamReader::Invalid:,9,725,case,,,11,CPPASTCaseStatement
81604378904,JUMP_TARGET,-1,case QXmlStreamReader::StartDocument:,9,726,case,,,13,CPPASTCaseStatement
81604378905,JUMP_TARGET,-1,case QXmlStreamReader::EndDocument:,9,727,case,,,15,CPPASTCaseStatement
81604378906,JUMP_TARGET,-1,case QXmlStreamReader::Characters:,9,728,case,,,17,CPPASTCaseStatement
81604378907,JUMP_TARGET,-1,case QXmlStreamReader::Comment:,9,729,case,,,19,CPPASTCaseStatement
81604378908,JUMP_TARGET,-1,case QXmlStreamReader::DTD:,9,730,case,,,21,CPPASTCaseStatement
81604378909,JUMP_TARGET,-1,case QXmlStreamReader::EntityReference:,9,731,case,,,23,CPPASTCaseStatement
81604378910,JUMP_TARGET,-1,case QXmlStreamReader::ProcessingInstruction:,9,732,case,,,25,CPPASTCaseStatement
81604378911,JUMP_TARGET,-1,case CheckLevel::reduced:,5,1016,case,,,1,CPPASTCaseStatement
81604378912,JUMP_TARGET,-1,case CheckLevel::normal:,5,1020,case,,,6,CPPASTCaseStatement
81604378913,JUMP_TARGET,-1,case CheckLevel::exhaustive:,5,1024,case,,,11,CPPASTCaseStatement
81604378914,JUMP_TARGET,-1,case QXmlStreamReader::StartElement:,9,1105,case,,,1,CPPASTCaseStatement
81604378915,JUMP_TARGET,-1,case QXmlStreamReader::EndElement:,9,1116,case,,,6,CPPASTCaseStatement
81604378916,JUMP_TARGET,-1,case QXmlStreamReader::Characters:,9,1122,case,,,11,CPPASTCaseStatement
81604378917,JUMP_TARGET,-1,case QXmlStreamReader::NoToken:,9,1123,case,,,13,CPPASTCaseStatement
81604378918,JUMP_TARGET,-1,case QXmlStreamReader::Invalid:,9,1124,case,,,15,CPPASTCaseStatement
81604378919,JUMP_TARGET,-1,case QXmlStreamReader::StartDocument:,9,1125,case,,,17,CPPASTCaseStatement
81604378920,JUMP_TARGET,-1,case QXmlStreamReader::EndDocument:,9,1126,case,,,19,CPPASTCaseStatement
81604378921,JUMP_TARGET,-1,case QXmlStreamReader::Comment:,9,1127,case,,,21,CPPASTCaseStatement
81604378922,JUMP_TARGET,-1,case QXmlStreamReader::DTD:,9,1128,case,,,23,CPPASTCaseStatement
81604378923,JUMP_TARGET,-1,case QXmlStreamReader::EntityReference:,9,1129,case,,,25,CPPASTCaseStatement
81604378924,JUMP_TARGET,-1,case QXmlStreamReader::ProcessingInstruction:,9,1130,case,,,27,CPPASTCaseStatement
81604378925,JUMP_TARGET,-1,case ProjectFile::CheckLevel::reduced:,5,313,case,,,1,CPPASTCaseStatement
81604378926,JUMP_TARGET,-1,case ProjectFile::CheckLevel::normal:,5,316,case,,,5,CPPASTCaseStatement
81604378927,JUMP_TARGET,-1,case ProjectFile::CheckLevel::exhaustive:,5,319,case,,,9,CPPASTCaseStatement
81604378928,JUMP_TARGET,-1,case Severity::style:,5,440,case,,,1,CPPASTCaseStatement
81604378929,JUMP_TARGET,-1,case Severity::error:,5,443,case,,,4,CPPASTCaseStatement
81604378930,JUMP_TARGET,-1,case Severity::warning:,5,446,case,,,7,CPPASTCaseStatement
81604378931,JUMP_TARGET,-1,case Severity::performance:,5,449,case,,,10,CPPASTCaseStatement
81604378932,JUMP_TARGET,-1,case Severity::portability:,5,452,case,,,13,CPPASTCaseStatement
81604378933,JUMP_TARGET,-1,case Severity::information:,5,455,case,,,16,CPPASTCaseStatement
81604378934,JUMP_TARGET,-1,case Severity::debug:,5,458,case,,,19,CPPASTCaseStatement
81604378935,JUMP_TARGET,-1,case Severity::internal:,5,461,case,,,22,CPPASTCaseStatement
81604378936,JUMP_TARGET,-1,case Severity::none:,5,464,case,,,25,CPPASTCaseStatement
81604378937,JUMP_TARGET,-1,default:,5,465,default,,,27,CPPASTDefaultStatement
81604378938,JUMP_TARGET,-1,case Severity::error:,5,1238,case,,,1,CPPASTCaseStatement
81604378939,JUMP_TARGET,-1,case Severity::style:,5,1240,case,,,4,CPPASTCaseStatement
81604378940,JUMP_TARGET,-1,case Severity::warning:,5,1242,case,,,7,CPPASTCaseStatement
81604378941,JUMP_TARGET,-1,case Severity::portability:,5,1244,case,,,10,CPPASTCaseStatement
81604378942,JUMP_TARGET,-1,case Severity::performance:,5,1246,case,,,13,CPPASTCaseStatement
81604378943,JUMP_TARGET,-1,case Severity::information:,5,1248,case,,,16,CPPASTCaseStatement
81604378944,JUMP_TARGET,-1,default:,5,1250,default,,,19,CPPASTDefaultStatement
81604378945,JUMP_TARGET,-1,case Report::CSV:,5,218,case,,,1,CPPASTCaseStatement
81604378946,JUMP_TARGET,-1,case Report::TXT:,5,221,case,,,5,CPPASTCaseStatement
81604378947,JUMP_TARGET,-1,case Report::XMLV2:,5,224,case,,,9,CPPASTCaseStatement
81604378948,JUMP_TARGET,-1,case Severity::none:,5,39,case,,,1,CPPASTCaseStatement
81604378949,JUMP_TARGET,-1,case Severity::internal:,5,40,case,,,3,CPPASTCaseStatement
81604378950,JUMP_TARGET,-1,case Severity::error:,5,42,case,,,6,CPPASTCaseStatement
81604378951,JUMP_TARGET,-1,case Severity::style:,5,44,case,,,9,CPPASTCaseStatement
81604378952,JUMP_TARGET,-1,case Severity::warning:,5,46,case,,,12,CPPASTCaseStatement
81604378953,JUMP_TARGET,-1,case Severity::performance:,5,48,case,,,15,CPPASTCaseStatement
81604378954,JUMP_TARGET,-1,case Severity::portability:,5,50,case,,,18,CPPASTCaseStatement
81604378955,JUMP_TARGET,-1,case Severity::information:,5,52,case,,,21,CPPASTCaseStatement
81604378956,JUMP_TARGET,-1,default:,5,54,default,,,24,CPPASTDefaultStatement
81604378957,JUMP_TARGET,-1,case ShowTypes::ShowStyle:,5,62,case,,,1,CPPASTCaseStatement
81604378958,JUMP_TARGET,-1,case ShowTypes::ShowErrors:,5,65,case,,,4,CPPASTCaseStatement
81604378959,JUMP_TARGET,-1,case ShowTypes::ShowWarnings:,5,68,case,,,7,CPPASTCaseStatement
81604378960,JUMP_TARGET,-1,case ShowTypes::ShowPerformance:,5,71,case,,,10,CPPASTCaseStatement
81604378961,JUMP_TARGET,-1,case ShowTypes::ShowPortability:,5,74,case,,,13,CPPASTCaseStatement
81604378962,JUMP_TARGET,-1,case ShowTypes::ShowInformation:,5,77,case,,,16,CPPASTCaseStatement
81604378963,JUMP_TARGET,-1,case ShowTypes::ShowNone:,5,80,case,,,19,CPPASTCaseStatement
81604378964,JUMP_TARGET,-1,default:,5,81,default,,,21,CPPASTDefaultStatement
81604378965,JUMP_TARGET,-1,case QXmlStreamReader::StartElement:,9,72,case,,,1,CPPASTCaseStatement
81604378966,JUMP_TARGET,-1,case QXmlStreamReader::EndElement:,9,84,case,,,5,CPPASTCaseStatement
81604378967,JUMP_TARGET,-1,case QXmlStreamReader::NoToken:,9,85,case,,,7,CPPASTCaseStatement
81604378968,JUMP_TARGET,-1,case QXmlStreamReader::Invalid:,9,86,case,,,9,CPPASTCaseStatement
81604378969,JUMP_TARGET,-1,case QXmlStreamReader::StartDocument:,9,87,case,,,11,CPPASTCaseStatement
81604378970,JUMP_TARGET,-1,case QXmlStreamReader::EndDocument:,9,88,case,,,13,CPPASTCaseStatement
81604378971,JUMP_TARGET,-1,case QXmlStreamReader::Characters:,9,89,case,,,15,CPPASTCaseStatement
81604378972,JUMP_TARGET,-1,case QXmlStreamReader::Comment:,9,90,case,,,17,CPPASTCaseStatement
81604378973,JUMP_TARGET,-1,case QXmlStreamReader::DTD:,9,91,case,,,19,CPPASTCaseStatement
81604378974,JUMP_TARGET,-1,case QXmlStreamReader::EntityReference:,9,92,case,,,21,CPPASTCaseStatement
81604378975,JUMP_TARGET,-1,case QXmlStreamReader::ProcessingInstruction:,9,93,case,,,23,CPPASTCaseStatement
81604378976,JUMP_TARGET,-1,case QXmlStreamReader::StartElement:,9,181,case,,,1,CPPASTCaseStatement
81604378977,JUMP_TARGET,-1,case QXmlStreamReader::EndElement:,9,192,case,,,6,CPPASTCaseStatement
81604378978,JUMP_TARGET,-1,case QXmlStreamReader::NoToken:,9,198,case,,,10,CPPASTCaseStatement
81604378979,JUMP_TARGET,-1,case QXmlStreamReader::Invalid:,9,199,case,,,12,CPPASTCaseStatement
81604378980,JUMP_TARGET,-1,case QXmlStreamReader::StartDocument:,9,200,case,,,14,CPPASTCaseStatement
81604378981,JUMP_TARGET,-1,case QXmlStreamReader::EndDocument:,9,201,case,,,16,CPPASTCaseStatement
81604378982,JUMP_TARGET,-1,case QXmlStreamReader::Characters:,9,202,case,,,18,CPPASTCaseStatement
81604378983,JUMP_TARGET,-1,case QXmlStreamReader::Comment:,9,203,case,,,20,CPPASTCaseStatement
81604378984,JUMP_TARGET,-1,case QXmlStreamReader::DTD:,9,204,case,,,22,CPPASTCaseStatement
81604378985,JUMP_TARGET,-1,case QXmlStreamReader::EntityReference:,9,205,case,,,24,CPPASTCaseStatement
81604378986,JUMP_TARGET,-1,case QXmlStreamReader::ProcessingInstruction:,9,206,case,,,26,CPPASTCaseStatement
81604378987,JUMP_TARGET,-1,case QXmlStreamReader::StartElement:,9,254,case,,,1,CPPASTCaseStatement
81604378988,JUMP_TARGET,-1,case QXmlStreamReader::EndElement:,9,273,case,,,5,CPPASTCaseStatement
81604378989,JUMP_TARGET,-1,case QXmlStreamReader::NoToken:,9,279,case,,,9,CPPASTCaseStatement
81604378990,JUMP_TARGET,-1,case QXmlStreamReader::Invalid:,9,280,case,,,11,CPPASTCaseStatement
81604378991,JUMP_TARGET,-1,case QXmlStreamReader::StartDocument:,9,281,case,,,13,CPPASTCaseStatement
81604378992,JUMP_TARGET,-1,case QXmlStreamReader::EndDocument:,9,282,case,,,15,CPPASTCaseStatement
81604378993,JUMP_TARGET,-1,case QXmlStreamReader::Characters:,9,283,case,,,17,CPPASTCaseStatement
81604378994,JUMP_TARGET,-1,case QXmlStreamReader::Comment:,9,284,case,,,19,CPPASTCaseStatement
81604378995,JUMP_TARGET,-1,case QXmlStreamReader::DTD:,9,285,case,,,21,CPPASTCaseStatement
81604378996,JUMP_TARGET,-1,case QXmlStreamReader::EntityReference:,9,286,case,,,23,CPPASTCaseStatement
81604378997,JUMP_TARGET,-1,case QXmlStreamReader::ProcessingInstruction:,9,287,case,,,25,CPPASTCaseStatement
81604378998,JUMP_TARGET,-1,case 'f':,13,104,case,,,1,CPPASTCaseStatement
81604378999,JUMP_TARGET,-1,case 'x':,13,105,case,,,3,CPPASTCaseStatement
81604379000,JUMP_TARGET,-1,case 'X':,13,106,case,,,5,CPPASTCaseStatement
81604379001,JUMP_TARGET,-1,case 'i':,13,107,case,,,7,CPPASTCaseStatement
81604379002,JUMP_TARGET,-1,case 'c':,13,112,case,,,13,CPPASTCaseStatement
81604379003,JUMP_TARGET,-1,case 'e':,13,113,case,,,15,CPPASTCaseStatement
81604379004,JUMP_TARGET,-1,case 'E':,13,114,case,,,17,CPPASTCaseStatement
81604379005,JUMP_TARGET,-1,case 'g':,13,115,case,,,19,CPPASTCaseStatement
81604379006,JUMP_TARGET,-1,case 'o':,13,116,case,,,21,CPPASTCaseStatement
81604379007,JUMP_TARGET,-1,case 'u':,13,117,case,,,23,CPPASTCaseStatement
81604379008,JUMP_TARGET,-1,case 'p':,13,118,case,,,25,CPPASTCaseStatement
81604379009,JUMP_TARGET,-1,case 'n':,13,119,case,,,27,CPPASTCaseStatement
81604379010,JUMP_TARGET,-1,case 'd':,13,123,case,,,32,CPPASTCaseStatement
81604379011,JUMP_TARGET,-1,case 's':,13,131,case,,,39,CPPASTCaseStatement
81604379012,JUMP_TARGET,-1,case Library::ArgumentChecks::MinSize::Type::STRLEN:,5,592,case,,,1,CPPASTCaseStatement
81604379013,JUMP_TARGET,-1,case Library::ArgumentChecks::MinSize::Type::ARGVALUE:,5,601,case,,,5,CPPASTCaseStatement
81604379014,JUMP_TARGET,-1,case Library::ArgumentChecks::MinSize::Type::SIZEOF:,5,611,case,,,8,CPPASTCaseStatement
81604379015,JUMP_TARGET,-1,case Library::ArgumentChecks::MinSize::Type::MUL:,5,614,case,,,11,CPPASTCaseStatement
81604379016,JUMP_TARGET,-1,case Library::ArgumentChecks::MinSize::Type::VALUE:,5,618,case,,,15,CPPASTCaseStatement
81604379017,JUMP_TARGET,-1,case Library::ArgumentChecks::MinSize::Type::NONE:,5,625,case,,,18,CPPASTCaseStatement
81604379018,JUMP_TARGET,-1,case FunctionType::eConstructor:,5,63,case,,,1,CPPASTCaseStatement
81604379019,JUMP_TARGET,-1,case FunctionType::eCopyConstructor:,5,65,case,,,4,CPPASTCaseStatement
81604379020,JUMP_TARGET,-1,case FunctionType::eMoveConstructor:,5,67,case,,,7,CPPASTCaseStatement
81604379021,JUMP_TARGET,-1,case FunctionType::eDestructor:,5,69,case,,,10,CPPASTCaseStatement
81604379022,JUMP_TARGET,-1,case FunctionType::eFunction:,5,71,case,,,13,CPPASTCaseStatement
81604379023,JUMP_TARGET,-1,case FunctionType::eOperatorEqual:,5,73,case,,,16,CPPASTCaseStatement
81604379024,JUMP_TARGET,-1,case FunctionType::eLambda:,5,75,case,,,19,CPPASTCaseStatement
81604379025,JUMP_TARGET,-1,case FunctionType::eOperatorEqual:,5,85,case,,,1,CPPASTCaseStatement
81604379026,JUMP_TARGET,-1,case FunctionType::eCopyConstructor:,5,88,case,,,5,CPPASTCaseStatement
81604379027,JUMP_TARGET,-1,case FunctionType::eMoveConstructor:,5,89,case,,,7,CPPASTCaseStatement
81604379028,JUMP_TARGET,-1,default:,5,91,default,,,10,CPPASTDefaultStatement
81604379029,JUMP_TARGET,-1,case Bool::BAILOUT:,9,1852,case,,,1,CPPASTCaseStatement
81604379030,JUMP_TARGET,-1,case Bool::TRUE:,9,1854,case,,,4,CPPASTCaseStatement
81604379031,JUMP_TARGET,-1,case Bool::FALSE:,9,1856,case,,,7,CPPASTCaseStatement
81604379032,JUMP_TARGET,-1,case 1:,5,1025,case,,,1,CPPASTCaseStatement
81604379033,JUMP_TARGET,-1,case 2:,5,1027,case,,,4,CPPASTCaseStatement
81604379034,JUMP_TARGET,-1,case 3:,5,1029,case,,,7,CPPASTCaseStatement
81604379035,JUMP_TARGET,-1,case 4:,5,1031,case,,,10,CPPASTCaseStatement
81604379036,JUMP_TARGET,-1,case 5:,5,1033,case,,,13,CPPASTCaseStatement
81604379037,JUMP_TARGET,-1,case ValueType::Type::BOOL:,17,1950,case,,,1,CPPASTCaseStatement
81604379038,JUMP_TARGET,-1,case ValueType::Type::CHAR:,17,1953,case,,,5,CPPASTCaseStatement
81604379039,JUMP_TARGET,-1,case ValueType::Type::SHORT:,17,1956,case,,,9,CPPASTCaseStatement
81604379040,JUMP_TARGET,-1,case ValueType::Type::INT:,17,1959,case,,,13,CPPASTCaseStatement
81604379041,JUMP_TARGET,-1,case ValueType::Type::LONG:,17,1962,case,,,17,CPPASTCaseStatement
81604379042,JUMP_TARGET,-1,case ValueType::Type::LONGLONG:,17,1965,case,,,21,CPPASTCaseStatement
81604379043,JUMP_TARGET,-1,default:,17,1968,default,,,25,CPPASTDefaultStatement
81604379044,JUMP_TARGET,-1,case 0:,21,2008,case,,,1,CPPASTCaseStatement
81604379045,JUMP_TARGET,-1,case 1:,21,2020,case,,,5,CPPASTCaseStatement
81604379046,JUMP_TARGET,-1,case Filepointer::Operation::OPEN:,17,290,case,,,1,CPPASTCaseStatement
81604379047,JUMP_TARGET,-1,case Filepointer::Operation::POSITIONING:,17,311,case,,,8,CPPASTCaseStatement
81604379048,JUMP_TARGET,-1,case Filepointer::Operation::READ:,17,317,case,,,12,CPPASTCaseStatement
81604379049,JUMP_TARGET,-1,case Filepointer::Operation::WRITE:,17,325,case,,,16,CPPASTCaseStatement
81604379050,JUMP_TARGET,-1,case Filepointer::Operation::CLOSE:,17,333,case,,,20,CPPASTCaseStatement
81604379051,JUMP_TARGET,-1,case Filepointer::Operation::UNIMPORTANT:,17,340,case,,,25,CPPASTCaseStatement
81604379052,JUMP_TARGET,-1,case Filepointer::Operation::UNKNOWN_OP:,17,344,case,,,29,CPPASTCaseStatement
81604379053,JUMP_TARGET,-1,default:,17,348,default,,,34,CPPASTDefaultStatement
81604379054,JUMP_TARGET,-1,case 's':,29,708,case,,,1,CPPASTCaseStatement
81604379055,JUMP_TARGET,-1,case ']':,29,709,case,,,3,CPPASTCaseStatement
81604379056,JUMP_TARGET,-1,case 'c':,29,733,case,,,11,CPPASTCaseStatement
81604379057,JUMP_TARGET,-1,case 'x':,29,749,case,,,17,CPPASTCaseStatement
81604379058,JUMP_TARGET,-1,case 'X':,29,750,case,,,19,CPPASTCaseStatement
81604379059,JUMP_TARGET,-1,case 'u':,29,751,case,,,21,CPPASTCaseStatement
81604379060,JUMP_TARGET,-1,case 'o':,29,752,case,,,23,CPPASTCaseStatement
81604379061,JUMP_TARGET,-1,case 'h':,41,766,case,,,1,CPPASTCaseStatement
81604379062,JUMP_TARGET,-1,case 'l':,41,773,case,,,5,CPPASTCaseStatement
81604379063,JUMP_TARGET,-1,case 'I':,41,788,case,,,9,CPPASTCaseStatement
81604379064,JUMP_TARGET,-1,case 'j':,41,798,case,,,13,CPPASTCaseStatement
81604379065,JUMP_TARGET,-1,case 'z':,41,802,case,,,17,CPPASTCaseStatement
81604379066,JUMP_TARGET,-1,case 't':,41,806,case,,,21,CPPASTCaseStatement
81604379067,JUMP_TARGET,-1,case 'L':,41,810,case,,,25,CPPASTCaseStatement
81604379068,JUMP_TARGET,-1,default:,41,817,default,,,29,CPPASTDefaultStatement
81604379069,JUMP_TARGET,-1,case 'n':,29,830,case,,,29,CPPASTCaseStatement
81604379070,JUMP_TARGET,-1,case 'd':,29,831,case,,,31,CPPASTCaseStatement
81604379071,JUMP_TARGET,-1,case 'i':,29,832,case,,,33,CPPASTCaseStatement
81604379072,JUMP_TARGET,-1,case 'h':,41,846,case,,,1,CPPASTCaseStatement
81604379073,JUMP_TARGET,-1,case 'l':,41,853,case,,,5,CPPASTCaseStatement
81604379074,JUMP_TARGET,-1,case 'I':,41,866,case,,,9,CPPASTCaseStatement
81604379075,JUMP_TARGET,-1,case 'j':,41,876,case,,,13,CPPASTCaseStatement
81604379076,JUMP_TARGET,-1,case 'z':,41,880,case,,,17,CPPASTCaseStatement
81604379077,JUMP_TARGET,-1,case 't':,41,885,case,,,21,CPPASTCaseStatement
81604379078,JUMP_TARGET,-1,case 'L':,41,889,case,,,25,CPPASTCaseStatement
81604379079,JUMP_TARGET,-1,default:,41,893,default,,,29,CPPASTDefaultStatement
81604379080,JUMP_TARGET,-1,case 'e':,29,905,case,,,39,CPPASTCaseStatement
81604379081,JUMP_TARGET,-1,case 'E':,29,906,case,,,41,CPPASTCaseStatement
81604379082,JUMP_TARGET,-1,case 'f':,29,907,case,,,43,CPPASTCaseStatement
81604379083,JUMP_TARGET,-1,case 'g':,29,908,case,,,45,CPPASTCaseStatement
81604379084,JUMP_TARGET,-1,case 'G':,29,909,case,,,47,CPPASTCaseStatement
81604379085,JUMP_TARGET,-1,case 'a':,29,910,case,,,49,CPPASTCaseStatement
81604379086,JUMP_TARGET,-1,case 'l':,41,923,case,,,1,CPPASTCaseStatement
81604379087,JUMP_TARGET,-1,case 'L':,41,927,case,,,5,CPPASTCaseStatement
81604379088,JUMP_TARGET,-1,default:,41,931,default,,,9,CPPASTDefaultStatement
81604379089,JUMP_TARGET,-1,case 'I':,29,940,case,,,55,CPPASTCaseStatement
81604379090,JUMP_TARGET,-1,case 'h':,29,964,case,,,59,CPPASTCaseStatement
81604379091,JUMP_TARGET,-1,case 'l':,29,965,case,,,61,CPPASTCaseStatement
81604379092,JUMP_TARGET,-1,case 'j':,29,969,case,,,64,CPPASTCaseStatement
81604379093,JUMP_TARGET,-1,case 'q':,29,970,case,,,66,CPPASTCaseStatement
81604379094,JUMP_TARGET,-1,case 't':,29,971,case,,,68,CPPASTCaseStatement
81604379095,JUMP_TARGET,-1,case 'z':,29,972,case,,,70,CPPASTCaseStatement
81604379096,JUMP_TARGET,-1,case 'L':,29,973,case,,,72,CPPASTCaseStatement
81604379097,JUMP_TARGET,-1,default:,29,983,default,,,76,CPPASTDefaultStatement
81604379098,JUMP_TARGET,-1,case 's':,29,996,case,,,1,CPPASTCaseStatement
81604379099,JUMP_TARGET,-1,case 'n':,29,1006,case,,,6,CPPASTCaseStatement
81604379100,JUMP_TARGET,-1,case 'c':,29,1011,case,,,11,CPPASTCaseStatement
81604379101,JUMP_TARGET,-1,case 'x':,29,1012,case,,,13,CPPASTCaseStatement
81604379102,JUMP_TARGET,-1,case 'X':,29,1013,case,,,15,CPPASTCaseStatement
81604379103,JUMP_TARGET,-1,case 'o':,29,1014,case,,,17,CPPASTCaseStatement
81604379104,JUMP_TARGET,-1,case 'h':,41,1027,case,,,1,CPPASTCaseStatement
81604379105,JUMP_TARGET,-1,case 'l':,41,1034,case,,,5,CPPASTCaseStatement
81604379106,JUMP_TARGET,-1,case 'j':,41,1047,case,,,9,CPPASTCaseStatement
81604379107,JUMP_TARGET,-1,case 'z':,41,1051,case,,,13,CPPASTCaseStatement
81604379108,JUMP_TARGET,-1,case 't':,41,1055,case,,,17,CPPASTCaseStatement
81604379109,JUMP_TARGET,-1,case 'I':,41,1059,case,,,21,CPPASTCaseStatement
81604379110,JUMP_TARGET,-1,default:,41,1074,default,,,25,CPPASTDefaultStatement
81604379111,JUMP_TARGET,-1,case 'd':,29,1083,case,,,23,CPPASTCaseStatement
81604379112,JUMP_TARGET,-1,case 'i':,29,1084,case,,,25,CPPASTCaseStatement
81604379113,JUMP_TARGET,-1,case 'h':,41,1100,case,,,1,CPPASTCaseStatement
81604379114,JUMP_TARGET,-1,case 'l':,41,1107,case,,,5,CPPASTCaseStatement
81604379115,JUMP_TARGET,-1,case 'j':,41,1120,case,,,9,CPPASTCaseStatement
81604379116,JUMP_TARGET,-1,case 't':,41,1124,case,,,13,CPPASTCaseStatement
81604379117,JUMP_TARGET,-1,case 'I':,41,1128,case,,,17,CPPASTCaseStatement
81604379118,JUMP_TARGET,-1,case 'z':,41,1138,case,,,21,CPPASTCaseStatement
81604379119,JUMP_TARGET,-1,case 'L':,41,1143,case,,,25,CPPASTCaseStatement
81604379120,JUMP_TARGET,-1,default:,41,1147,default,,,29,CPPASTDefaultStatement
81604379121,JUMP_TARGET,-1,case 'u':,29,1159,case,,,31,CPPASTCaseStatement
81604379122,JUMP_TARGET,-1,case 'h':,41,1175,case,,,1,CPPASTCaseStatement
81604379123,JUMP_TARGET,-1,case 'l':,41,1182,case,,,5,CPPASTCaseStatement
81604379124,JUMP_TARGET,-1,case 'j':,41,1195,case,,,9,CPPASTCaseStatement
81604379125,JUMP_TARGET,-1,case 'z':,41,1199,case,,,13,CPPASTCaseStatement
81604379126,JUMP_TARGET,-1,case 't':,41,1203,case,,,17,CPPASTCaseStatement
81604379127,JUMP_TARGET,-1,case 'I':,41,1207,case,,,21,CPPASTCaseStatement
81604379128,JUMP_TARGET,-1,case 'L':,41,1217,case,,,25,CPPASTCaseStatement
81604379129,JUMP_TARGET,-1,default:,41,1221,default,,,29,CPPASTDefaultStatement
81604379130,JUMP_TARGET,-1,case 'p':,29,1233,case,,,37,CPPASTCaseStatement
81604379131,JUMP_TARGET,-1,case 'e':,29,1240,case,,,42,CPPASTCaseStatement
81604379132,JUMP_TARGET,-1,case 'E':,29,1241,case,,,44,CPPASTCaseStatement
81604379133,JUMP_TARGET,-1,case 'f':,29,1242,case,,,46,CPPASTCaseStatement
81604379134,JUMP_TARGET,-1,case 'g':,29,1243,case,,,48,CPPASTCaseStatement
81604379135,JUMP_TARGET,-1,case 'G':,29,1244,case,,,50,CPPASTCaseStatement
81604379136,JUMP_TARGET,-1,case 'h':,29,1261,case,,,56,CPPASTCaseStatement
81604379137,JUMP_TARGET,-1,case 'l':,29,1262,case,,,58,CPPASTCaseStatement
81604379138,JUMP_TARGET,-1,case 'I':,29,1287,case,,,62,CPPASTCaseStatement
81604379139,JUMP_TARGET,-1,case 'j':,29,1294,case,,,65,CPPASTCaseStatement
81604379140,JUMP_TARGET,-1,case 'z':,29,1295,case,,,67,CPPASTCaseStatement
81604379141,JUMP_TARGET,-1,case 't':,29,1296,case,,,69,CPPASTCaseStatement
81604379142,JUMP_TARGET,-1,case 'L':,29,1297,case,,,71,CPPASTCaseStatement
81604379143,JUMP_TARGET,-1,default:,29,1307,default,,,75,CPPASTDefaultStatement
81604379144,JUMP_TARGET,-1,case ValueFlow::Value::MoveKind::MovedVariable:,5,3725,case,,,1,CPPASTCaseStatement
81604379145,JUMP_TARGET,-1,case ValueFlow::Value::MoveKind::ForwardedVariable:,5,3729,case,,,6,CPPASTCaseStatement
81604379146,JUMP_TARGET,-1,default:,5,3733,default,,,11,CPPASTDefaultStatement
81604379147,JUMP_TARGET,-1,case SubstrErrorType::EMPTY:,5,2331,case,,,1,CPPASTCaseStatement
81604379148,JUMP_TARGET,-1,case SubstrErrorType::COPY:,5,2334,case,,,5,CPPASTCaseStatement
81604379149,JUMP_TARGET,-1,case SubstrErrorType::PREFIX:,5,2337,case,,,9,CPPASTCaseStatement
81604379150,JUMP_TARGET,-1,case SubstrErrorType::PREFIX_CONCAT:,5,2340,case,,,13,CPPASTCaseStatement
81604379151,JUMP_TARGET,-1,case ValueFlow::Value::ValueType::ITERATOR_END:,13,3297,case,,,1,CPPASTCaseStatement
81604379152,JUMP_TARGET,-1,case ValueFlow::Value::ValueType::ITERATOR_START:,13,3299,case,,,4,CPPASTCaseStatement
81604379153,JUMP_TARGET,-1,default:,13,3301,default,,,7,CPPASTDefaultStatement
81604379154,JUMP_TARGET,-1,case ValueType::Type::UNKNOWN_TYPE:,5,69,case,,,1,CPPASTCaseStatement
81604379155,JUMP_TARGET,-1,case ValueType::Type::NONSTD:,5,70,case,,,3,CPPASTCaseStatement
81604379156,JUMP_TARGET,-1,case ValueType::Type::RECORD:,5,73,case,,,6,CPPASTCaseStatement
81604379157,JUMP_TARGET,-1,case ValueType::Type::POD:,5,78,case,,,10,CPPASTCaseStatement
81604379158,JUMP_TARGET,-1,case ValueType::Type::SMART_POINTER:,5,79,case,,,12,CPPASTCaseStatement
81604379159,JUMP_TARGET,-1,case ValueType::Type::CONTAINER:,5,80,case,,,14,CPPASTCaseStatement
81604379160,JUMP_TARGET,-1,case ValueType::Type::ITERATOR:,5,81,case,,,16,CPPASTCaseStatement
81604379161,JUMP_TARGET,-1,case ValueType::Type::VOID:,5,82,case,,,18,CPPASTCaseStatement
81604379162,JUMP_TARGET,-1,case ValueType::Type::BOOL:,5,83,case,,,20,CPPASTCaseStatement
81604379163,JUMP_TARGET,-1,case ValueType::Type::CHAR:,5,84,case,,,22,CPPASTCaseStatement
81604379164,JUMP_TARGET,-1,case ValueType::Type::SHORT:,5,85,case,,,24,CPPASTCaseStatement
81604379165,JUMP_TARGET,-1,case ValueType::Type::WCHAR_T:,5,86,case,,,26,CPPASTCaseStatement
81604379166,JUMP_TARGET,-1,case ValueType::Type::INT:,5,87,case,,,28,CPPASTCaseStatement
81604379167,JUMP_TARGET,-1,case ValueType::Type::LONG:,5,88,case,,,30,CPPASTCaseStatement
81604379168,JUMP_TARGET,-1,case ValueType::Type::LONGLONG:,5,89,case,,,32,CPPASTCaseStatement
81604379169,JUMP_TARGET,-1,case ValueType::Type::UNKNOWN_INT:,5,90,case,,,34,CPPASTCaseStatement
81604379170,JUMP_TARGET,-1,case ValueType::Type::FLOAT:,5,91,case,,,36,CPPASTCaseStatement
81604379171,JUMP_TARGET,-1,case ValueType::Type::DOUBLE:,5,92,case,,,38,CPPASTCaseStatement
81604379172,JUMP_TARGET,-1,case ValueType::Type::LONGDOUBLE:,5,93,case,,,40,CPPASTCaseStatement
81604379173,JUMP_TARGET,-1,case Library::TypeCheck::def:,21,1300,case,,,1,CPPASTCaseStatement
81604379174,JUMP_TARGET,-1,case Library::TypeCheck::check:,21,1303,case,,,5,CPPASTCaseStatement
81604379175,JUMP_TARGET,-1,case Library::TypeCheck::suppress:,21,1305,case,,,8,CPPASTCaseStatement
81604379176,JUMP_TARGET,-1,case Library::TypeCheck::checkFiniteLifetime:,21,1306,case,,,10,CPPASTCaseStatement
81604379177,JUMP_TARGET,-1,case Library::TypeCheck::def:,25,1410,case,,,1,CPPASTCaseStatement
81604379178,JUMP_TARGET,-1,case Library::TypeCheck::check:,25,1413,case,,,5,CPPASTCaseStatement
81604379179,JUMP_TARGET,-1,case Library::TypeCheck::suppress:,25,1415,case,,,8,CPPASTCaseStatement
81604379180,JUMP_TARGET,-1,case Library::TypeCheck::checkFiniteLifetime:,25,1416,case,,,10,CPPASTCaseStatement
81604379181,JUMP_TARGET,-1,case Standards::Language::C:,5,372,case,,,1,CPPASTCaseStatement
81604379182,JUMP_TARGET,-1,case Standards::Language::CPP:,5,375,case,,,5,CPPASTCaseStatement
81604379183,JUMP_TARGET,-1,case Standards::Language::None:,5,378,case,,,9,CPPASTCaseStatement
81604379184,JUMP_TARGET,-1,case Standards::Language::None:,5,628,case,,,1,CPPASTCaseStatement
81604379185,JUMP_TARGET,-1,case Standards::Language::C:,5,629,case,,,3,CPPASTCaseStatement
81604379186,JUMP_TARGET,-1,case Standards::Language::CPP:,5,634,case,,,8,CPPASTCaseStatement
81604379187,JUMP_TARGET,-1,case CTU::FileInfo::InvalidValueType::null:,13,529,case,,,1,CPPASTCaseStatement
81604379188,JUMP_TARGET,-1,case CTU::FileInfo::InvalidValueType::uninit:,13,533,case,,,5,CPPASTCaseStatement
81604379189,JUMP_TARGET,-1,case CTU::FileInfo::InvalidValueType::bufferOverflow:,13,537,case,,,9,CPPASTCaseStatement
81604379190,JUMP_TARGET,-1,case '<':,9,771,case,,,1,CPPASTCaseStatement
81604379191,JUMP_TARGET,-1,case '>':,9,774,case,,,5,CPPASTCaseStatement
81604379192,JUMP_TARGET,-1,case '&':,9,777,case,,,9,CPPASTCaseStatement
81604379193,JUMP_TARGET,-1,"case '\\""':",9,780,case,,,13,CPPASTCaseStatement
81604379194,JUMP_TARGET,-1,case '\\'':,9,783,case,,,17,CPPASTCaseStatement
81604379195,JUMP_TARGET,-1,case '\\0':,9,786,case,,,21,CPPASTCaseStatement
81604379196,JUMP_TARGET,-1,default:,9,789,default,,,25,CPPASTDefaultStatement
81604379197,JUMP_TARGET,-1,case ReportType::autosar:,5,952,case,,,1,CPPASTCaseStatement
81604379198,JUMP_TARGET,-1,case ReportType::certC:,5,954,case,,,4,CPPASTCaseStatement
81604379199,JUMP_TARGET,-1,case ReportType::certCpp:,5,956,case,,,7,CPPASTCaseStatement
81604379200,JUMP_TARGET,-1,case ReportType::misraC:,5,958,case,,,10,CPPASTCaseStatement
81604379201,JUMP_TARGET,-1,case ReportType::misraCpp2008:,5,977,case,,,13,CPPASTCaseStatement
81604379202,JUMP_TARGET,-1,case ReportType::misraCpp2023:,5,978,case,,,15,CPPASTCaseStatement
81604379203,JUMP_TARGET,-1,default:,5,1007,default,,,18,CPPASTDefaultStatement
81604379204,JUMP_TARGET,-1,case ReportType::autosar:,5,1019,case,,,1,CPPASTCaseStatement
81604379205,JUMP_TARGET,-1,case ReportType::certC:,5,1027,case,,,6,CPPASTCaseStatement
81604379206,JUMP_TARGET,-1,case ReportType::certCpp:,5,1028,case,,,8,CPPASTCaseStatement
81604379207,JUMP_TARGET,-1,case ReportType::misraC:,5,1035,case,,,12,CPPASTCaseStatement
81604379208,JUMP_TARGET,-1,case ReportType::misraCpp2008:,5,1039,case,,,16,CPPASTCaseStatement
81604379209,JUMP_TARGET,-1,case ReportType::misraCpp2023:,5,1043,case,,,20,CPPASTCaseStatement
81604379210,JUMP_TARGET,-1,default:,5,1047,default,,,24,CPPASTDefaultStatement
81604379211,JUMP_TARGET,-1,case ReportType::autosar:,5,1076,case,,,1,CPPASTCaseStatement
81604379212,JUMP_TARGET,-1,case ReportType::certCpp:,5,1079,case,,,5,CPPASTCaseStatement
81604379213,JUMP_TARGET,-1,case ReportType::certC:,5,1083,case,,,9,CPPASTCaseStatement
81604379214,JUMP_TARGET,-1,case ReportType::misraC:,5,1087,case,,,14,CPPASTCaseStatement
81604379215,JUMP_TARGET,-1,case ReportType::misraCpp2008:,5,1090,case,,,18,CPPASTCaseStatement
81604379216,JUMP_TARGET,-1,case ReportType::misraCpp2023:,5,1093,case,,,22,CPPASTCaseStatement
81604379217,JUMP_TARGET,-1,default:,5,1096,default,,,26,CPPASTDefaultStatement
81604379218,JUMP_TARGET,-1,case InternalError::Type::AST:,5,26,case,,,1,CPPASTCaseStatement
81604379219,JUMP_TARGET,-1,case InternalError::Type::SYNTAX:,5,28,case,,,4,CPPASTCaseStatement
81604379220,JUMP_TARGET,-1,case InternalError::Type::UNKNOWN_MACRO:,5,30,case,,,7,CPPASTCaseStatement
81604379221,JUMP_TARGET,-1,case InternalError::Type::INTERNAL:,5,32,case,,,10,CPPASTCaseStatement
81604379222,JUMP_TARGET,-1,case InternalError::Type::LIMIT:,5,34,case,,,13,CPPASTCaseStatement
81604379223,JUMP_TARGET,-1,case InternalError::Type::INSTANTIATION:,5,36,case,,,16,CPPASTCaseStatement
81604379224,JUMP_TARGET,-1,case Severity::none:,5,53,case,,,1,CPPASTCaseStatement
81604379225,JUMP_TARGET,-1,case Severity::error:,5,55,case,,,4,CPPASTCaseStatement
81604379226,JUMP_TARGET,-1,case Severity::warning:,5,57,case,,,7,CPPASTCaseStatement
81604379227,JUMP_TARGET,-1,case Severity::style:,5,59,case,,,10,CPPASTCaseStatement
81604379228,JUMP_TARGET,-1,case Severity::performance:,5,61,case,,,13,CPPASTCaseStatement
81604379229,JUMP_TARGET,-1,case Severity::portability:,5,63,case,,,16,CPPASTCaseStatement
81604379230,JUMP_TARGET,-1,case Severity::information:,5,65,case,,,19,CPPASTCaseStatement
81604379231,JUMP_TARGET,-1,case Severity::debug:,5,67,case,,,22,CPPASTCaseStatement
81604379232,JUMP_TARGET,-1,case Severity::internal:,5,69,case,,,25,CPPASTCaseStatement
81604379233,JUMP_TARGET,-1,case Standards::cstd_t::C89:,5,174,case,,,1,CPPASTCaseStatement
81604379234,JUMP_TARGET,-1,case Standards::cstd_t::C99:,5,176,case,,,4,CPPASTCaseStatement
81604379235,JUMP_TARGET,-1,case Standards::cstd_t::C11:,5,178,case,,,7,CPPASTCaseStatement
81604379236,JUMP_TARGET,-1,case Standards::cstd_t::C17:,5,180,case,,,10,CPPASTCaseStatement
81604379237,JUMP_TARGET,-1,case Standards::cstd_t::C23:,5,182,case,,,13,CPPASTCaseStatement
81604379238,JUMP_TARGET,-1,case Standards::cppstd_t::CPP03:,5,192,case,,,1,CPPASTCaseStatement
81604379239,JUMP_TARGET,-1,case Standards::cppstd_t::CPP11:,5,194,case,,,4,CPPASTCaseStatement
81604379240,JUMP_TARGET,-1,case Standards::cppstd_t::CPP14:,5,196,case,,,7,CPPASTCaseStatement
81604379241,JUMP_TARGET,-1,case Standards::cppstd_t::CPP17:,5,198,case,,,10,CPPASTCaseStatement
81604379242,JUMP_TARGET,-1,case Standards::cppstd_t::CPP20:,5,200,case,,,13,CPPASTCaseStatement
81604379243,JUMP_TARGET,-1,case Standards::cppstd_t::CPP23:,5,202,case,,,16,CPPASTCaseStatement
81604379244,JUMP_TARGET,-1,case Standards::cppstd_t::CPP26:,5,204,case,,,19,CPPASTCaseStatement
81604379245,JUMP_TARGET,-1,case Standards::cstd_t::C89:,5,215,case,,,1,CPPASTCaseStatement
81604379246,JUMP_TARGET,-1,case Standards::cstd_t::C99:,5,217,case,,,4,CPPASTCaseStatement
81604379247,JUMP_TARGET,-1,case Standards::cstd_t::C11:,5,219,case,,,7,CPPASTCaseStatement
81604379248,JUMP_TARGET,-1,case Standards::cstd_t::C17:,5,221,case,,,10,CPPASTCaseStatement
81604379249,JUMP_TARGET,-1,case Standards::cstd_t::C23:,5,223,case,,,13,CPPASTCaseStatement
81604379250,JUMP_TARGET,-1,case Standards::cppstd_t::CPP03:,5,234,case,,,1,CPPASTCaseStatement
81604379251,JUMP_TARGET,-1,case Standards::cppstd_t::CPP11:,5,236,case,,,4,CPPASTCaseStatement
81604379252,JUMP_TARGET,-1,case Standards::cppstd_t::CPP14:,5,238,case,,,7,CPPASTCaseStatement
81604379253,JUMP_TARGET,-1,case Standards::cppstd_t::CPP17:,5,240,case,,,10,CPPASTCaseStatement
81604379254,JUMP_TARGET,-1,case Standards::cppstd_t::CPP20:,5,242,case,,,13,CPPASTCaseStatement
81604379255,JUMP_TARGET,-1,case Standards::cppstd_t::CPP23:,5,244,case,,,16,CPPASTCaseStatement
81604379256,JUMP_TARGET,-1,case Standards::cppstd_t::CPP26:,5,246,case,,,19,CPPASTCaseStatement
81604379257,JUMP_TARGET,-1,case '+':,9,132,case,,,1,CPPASTCaseStatement
81604379258,JUMP_TARGET,-1,case '-':,9,135,case,,,5,CPPASTCaseStatement
81604379259,JUMP_TARGET,-1,case '*':,9,138,case,,,9,CPPASTCaseStatement
81604379260,JUMP_TARGET,-1,case '/':,9,141,case,,,13,CPPASTCaseStatement
81604379261,JUMP_TARGET,-1,case '%':,9,144,case,,,17,CPPASTCaseStatement
81604379262,JUMP_TARGET,-1,case '&':,9,145,case,,,19,CPPASTCaseStatement
81604379263,JUMP_TARGET,-1,case '|':,9,146,case,,,21,CPPASTCaseStatement
81604379264,JUMP_TARGET,-1,case '^':,9,147,case,,,23,CPPASTCaseStatement
81604379265,JUMP_TARGET,-1,default:,9,149,default,,,26,CPPASTDefaultStatement
81604379266,JUMP_TARGET,-1,case '+':,9,154,case,,,1,CPPASTCaseStatement
81604379267,JUMP_TARGET,-1,case '-':,9,157,case,,,5,CPPASTCaseStatement
81604379268,JUMP_TARGET,-1,case '*':,9,160,case,,,9,CPPASTCaseStatement
81604379269,JUMP_TARGET,-1,case '/':,9,163,case,,,13,CPPASTCaseStatement
81604379270,JUMP_TARGET,-1,case '%':,9,170,case,,,19,CPPASTCaseStatement
81604379271,JUMP_TARGET,-1,case '&':,9,175,case,,,24,CPPASTCaseStatement
81604379272,JUMP_TARGET,-1,case '|':,9,178,case,,,28,CPPASTCaseStatement
81604379273,JUMP_TARGET,-1,case '^':,9,181,case,,,32,CPPASTCaseStatement
81604379274,JUMP_TARGET,-1,default:,9,184,default,,,36,CPPASTDefaultStatement
81604379275,JUMP_TARGET,-1,case '+':,9,189,case,,,1,CPPASTCaseStatement
81604379276,JUMP_TARGET,-1,case '-':,9,192,case,,,5,CPPASTCaseStatement
81604379277,JUMP_TARGET,-1,case '*':,9,195,case,,,9,CPPASTCaseStatement
81604379278,JUMP_TARGET,-1,case '/':,9,198,case,,,13,CPPASTCaseStatement
81604379279,JUMP_TARGET,-1,case '%':,9,205,case,,,19,CPPASTCaseStatement
81604379280,JUMP_TARGET,-1,case '&':,9,210,case,,,24,CPPASTCaseStatement
81604379281,JUMP_TARGET,-1,case '|':,9,213,case,,,28,CPPASTCaseStatement
81604379282,JUMP_TARGET,-1,case '^':,9,216,case,,,32,CPPASTCaseStatement
81604379283,JUMP_TARGET,-1,default:,9,219,default,,,36,CPPASTDefaultStatement
81604379284,JUMP_TARGET,-1,case State::START:,9,590,case,,,1,CPPASTCaseStatement
81604379285,JUMP_TARGET,-1,case State::LEADING_DECIMAL:,9,598,case,,,5,CPPASTCaseStatement
81604379286,JUMP_TARGET,-1,case State::BASE_DIGITS1:,9,604,case,,,9,CPPASTCaseStatement
81604379287,JUMP_TARGET,-1,case State::TRAILING_DECIMAL:,9,612,case,,,13,CPPASTCaseStatement
81604379288,JUMP_TARGET,-1,case State::BASE_DIGITS2:,9,626,case,,,17,CPPASTCaseStatement
81604379289,JUMP_TARGET,-1,case State::E:,9,638,case,,,21,CPPASTCaseStatement
81604379290,JUMP_TARGET,-1,case State::MANTISSA_PLUSMINUS:,9,646,case,,,25,CPPASTCaseStatement
81604379291,JUMP_TARGET,-1,case State::MANTISSA_DIGITS:,9,652,case,,,29,CPPASTCaseStatement
81604379292,JUMP_TARGET,-1,case State::SUFFIX_LITERAL:,9,661,case,,,33,CPPASTCaseStatement
81604379293,JUMP_TARGET,-1,case State::SUFFIX_LITERAL_LEADER:,9,662,case,,,35,CPPASTCaseStatement
81604379294,JUMP_TARGET,-1,case State::SUFFIX_F:,9,665,case,,,39,CPPASTCaseStatement
81604379295,JUMP_TARGET,-1,case State::SUFFIX_L:,9,667,case,,,42,CPPASTCaseStatement
81604379296,JUMP_TARGET,-1,case Status::START:,9,693,case,,,1,CPPASTCaseStatement
81604379297,JUMP_TARGET,-1,case Status::SUFFIX_U:,9,707,case,,,5,CPPASTCaseStatement
81604379298,JUMP_TARGET,-1,case Status::SUFFIX_UL:,9,717,case,,,9,CPPASTCaseStatement
81604379299,JUMP_TARGET,-1,case Status::SUFFIX_L:,9,723,case,,,13,CPPASTCaseStatement
81604379300,JUMP_TARGET,-1,case Status::SUFFIX_LU:,9,731,case,,,17,CPPASTCaseStatement
81604379301,JUMP_TARGET,-1,case Status::SUFFIX_LL:,9,733,case,,,20,CPPASTCaseStatement
81604379302,JUMP_TARGET,-1,case Status::SUFFIX_I:,9,739,case,,,24,CPPASTCaseStatement
81604379303,JUMP_TARGET,-1,case Status::SUFFIX_I6:,9,745,case,,,28,CPPASTCaseStatement
81604379304,JUMP_TARGET,-1,case Status::SUFFIX_UI:,9,751,case,,,32,CPPASTCaseStatement
81604379305,JUMP_TARGET,-1,case Status::SUFFIX_UI6:,9,757,case,,,36,CPPASTCaseStatement
81604379306,JUMP_TARGET,-1,case Status::SUFFIX_Z:,9,763,case,,,40,CPPASTCaseStatement
81604379307,JUMP_TARGET,-1,case Status::SUFFIX_LITERAL:,9,770,case,,,44,CPPASTCaseStatement
81604379308,JUMP_TARGET,-1,case Status::SUFFIX_LITERAL_LEADER:,9,771,case,,,46,CPPASTCaseStatement
81604379309,JUMP_TARGET,-1,default:,9,774,default,,,50,CPPASTDefaultStatement
81604379310,JUMP_TARGET,-1,case Status::START:,9,821,case,,,1,CPPASTCaseStatement
81604379311,JUMP_TARGET,-1,case Status::OCTAL_PREFIX:,9,827,case,,,5,CPPASTCaseStatement
81604379312,JUMP_TARGET,-1,case Status::DIGITS:,9,833,case,,,9,CPPASTCaseStatement
81604379313,JUMP_TARGET,-1,case Status::START:,9,856,case,,,1,CPPASTCaseStatement
81604379314,JUMP_TARGET,-1,case Status::HEX_0:,9,862,case,,,5,CPPASTCaseStatement
81604379315,JUMP_TARGET,-1,case Status::HEX_X:,9,868,case,,,9,CPPASTCaseStatement
81604379316,JUMP_TARGET,-1,case Status::DIGIT:,9,874,case,,,13,CPPASTCaseStatement
81604379317,JUMP_TARGET,-1,case Status::START:,9,897,case,,,1,CPPASTCaseStatement
81604379318,JUMP_TARGET,-1,case Status::HEX_0:,9,903,case,,,5,CPPASTCaseStatement
81604379319,JUMP_TARGET,-1,case Status::HEX_X:,9,909,case,,,9,CPPASTCaseStatement
81604379320,JUMP_TARGET,-1,case Status::WHOLE_NUMBER_DIGIT:,9,917,case,,,13,CPPASTCaseStatement
81604379321,JUMP_TARGET,-1,case Status::POINT:,9,927,case,,,17,CPPASTCaseStatement
81604379322,JUMP_TARGET,-1,case Status::FRACTION:,9,928,case,,,19,CPPASTCaseStatement
81604379323,JUMP_TARGET,-1,case Status::EXPONENT_P:,9,936,case,,,23,CPPASTCaseStatement
81604379324,JUMP_TARGET,-1,case Status::EXPONENT_SIGN:,9,944,case,,,27,CPPASTCaseStatement
81604379325,JUMP_TARGET,-1,case Status::EXPONENT_DIGITS:,9,950,case,,,31,CPPASTCaseStatement
81604379326,JUMP_TARGET,-1,case Status::EXPONENT_SUFFIX:,9,958,case,,,35,CPPASTCaseStatement
81604379327,JUMP_TARGET,-1,case Status::START:,9,987,case,,,1,CPPASTCaseStatement
81604379328,JUMP_TARGET,-1,case Status::GNU_BIN_PREFIX_0:,9,993,case,,,5,CPPASTCaseStatement
81604379329,JUMP_TARGET,-1,case Status::GNU_BIN_PREFIX_B:,9,999,case,,,9,CPPASTCaseStatement
81604379330,JUMP_TARGET,-1,case Status::DIGIT:,9,1005,case,,,13,CPPASTCaseStatement
81604379331,JUMP_TARGET,-1,case Status::START:,9,1028,case,,,1,CPPASTCaseStatement
81604379332,JUMP_TARGET,-1,case Status::DIGIT:,9,1034,case,,,5,CPPASTCaseStatement
81604379333,JUMP_TARGET,-1,case '+':,5,1194,case,,,1,CPPASTCaseStatement
81604379334,JUMP_TARGET,-1,case '-':,5,1197,case,,,4,CPPASTCaseStatement
81604379335,JUMP_TARGET,-1,case '*':,5,1200,case,,,7,CPPASTCaseStatement
81604379336,JUMP_TARGET,-1,case '/':,5,1203,case,,,10,CPPASTCaseStatement
81604379337,JUMP_TARGET,-1,case '%':,5,1206,case,,,13,CPPASTCaseStatement
81604379338,JUMP_TARGET,-1,case '&':,5,1209,case,,,16,CPPASTCaseStatement
81604379339,JUMP_TARGET,-1,case '|':,5,1212,case,,,19,CPPASTCaseStatement
81604379340,JUMP_TARGET,-1,case '^':,5,1215,case,,,22,CPPASTCaseStatement
81604379341,JUMP_TARGET,-1,default:,5,1218,default,,,25,CPPASTDefaultStatement
81604379342,JUMP_TARGET,-1,case Type::Unspecified:,5,39,case,,,1,CPPASTCaseStatement
81604379343,JUMP_TARGET,-1,case Type::Native:,5,40,case,,,3,CPPASTCaseStatement
81604379344,JUMP_TARGET,-1,case Type::Win32W:,5,64,case,,,24,CPPASTCaseStatement
81604379345,JUMP_TARGET,-1,case Type::Win32A:,5,65,case,,,26,CPPASTCaseStatement
81604379346,JUMP_TARGET,-1,case Type::Win64:,5,85,case,,,47,CPPASTCaseStatement
81604379347,JUMP_TARGET,-1,case Type::Unix32:,5,105,case,,,68,CPPASTCaseStatement
81604379348,JUMP_TARGET,-1,case Type::Unix64:,5,125,case,,,89,CPPASTCaseStatement
81604379349,JUMP_TARGET,-1,case Type::File:,5,145,case,,,110,CPPASTCaseStatement
81604379350,JUMP_TARGET,-1,case simplecpp::Output::ERROR:,5,736,case,,,1,CPPASTCaseStatement
81604379351,JUMP_TARGET,-1,case simplecpp::Output::INCLUDE_NESTED_TOO_DEEPLY:,5,737,case,,,3,CPPASTCaseStatement
81604379352,JUMP_TARGET,-1,case simplecpp::Output::SYNTAX_ERROR:,5,738,case,,,5,CPPASTCaseStatement
81604379353,JUMP_TARGET,-1,case simplecpp::Output::UNHANDLED_CHAR_ERROR:,5,739,case,,,7,CPPASTCaseStatement
81604379354,JUMP_TARGET,-1,case simplecpp::Output::EXPLICIT_INCLUDE_NOT_FOUND:,5,740,case,,,9,CPPASTCaseStatement
81604379355,JUMP_TARGET,-1,case simplecpp::Output::FILE_NOT_FOUND:,5,741,case,,,11,CPPASTCaseStatement
81604379356,JUMP_TARGET,-1,case simplecpp::Output::DUI_ERROR:,5,742,case,,,13,CPPASTCaseStatement
81604379357,JUMP_TARGET,-1,case simplecpp::Output::WARNING:,5,744,case,,,16,CPPASTCaseStatement
81604379358,JUMP_TARGET,-1,case simplecpp::Output::MISSING_HEADER:,5,745,case,,,18,CPPASTCaseStatement
81604379359,JUMP_TARGET,-1,case simplecpp::Output::PORTABILITY_BACKSLASH:,5,746,case,,,20,CPPASTCaseStatement
81604379360,JUMP_TARGET,-1,case simplecpp::Output::ERROR:,9,863,case,,,1,CPPASTCaseStatement
81604379361,JUMP_TARGET,-1,case simplecpp::Output::WARNING:,9,867,case,,,5,CPPASTCaseStatement
81604379362,JUMP_TARGET,-1,case simplecpp::Output::PORTABILITY_BACKSLASH:,9,868,case,,,7,CPPASTCaseStatement
81604379363,JUMP_TARGET,-1,case simplecpp::Output::MISSING_HEADER:,9,870,case,,,10,CPPASTCaseStatement
81604379364,JUMP_TARGET,-1,case simplecpp::Output::INCLUDE_NESTED_TOO_DEEPLY:,9,877,case,,,14,CPPASTCaseStatement
81604379365,JUMP_TARGET,-1,case simplecpp::Output::SYNTAX_ERROR:,9,878,case,,,16,CPPASTCaseStatement
81604379366,JUMP_TARGET,-1,case simplecpp::Output::UNHANDLED_CHAR_ERROR:,9,879,case,,,18,CPPASTCaseStatement
81604379367,JUMP_TARGET,-1,case simplecpp::Output::EXPLICIT_INCLUDE_NOT_FOUND:,9,882,case,,,22,CPPASTCaseStatement
81604379368,JUMP_TARGET,-1,case simplecpp::Output::FILE_NOT_FOUND:,9,883,case,,,24,CPPASTCaseStatement
81604379369,JUMP_TARGET,-1,case simplecpp::Output::DUI_ERROR:,9,884,case,,,26,CPPASTCaseStatement
81604379370,JUMP_TARGET,-1,case simplecpp::C89:,5,29,case,,,1,CPPASTCaseStatement
81604379371,JUMP_TARGET,-1,case simplecpp::C99:,5,31,case,,,4,CPPASTCaseStatement
81604379372,JUMP_TARGET,-1,case simplecpp::C11:,5,33,case,,,7,CPPASTCaseStatement
81604379373,JUMP_TARGET,-1,case simplecpp::C17:,5,35,case,,,10,CPPASTCaseStatement
81604379374,JUMP_TARGET,-1,case simplecpp::C23:,5,37,case,,,13,CPPASTCaseStatement
81604379375,JUMP_TARGET,-1,case simplecpp::CUnknown:,5,39,case,,,16,CPPASTCaseStatement
81604379376,JUMP_TARGET,-1,case C89:,5,66,case,,,1,CPPASTCaseStatement
81604379377,JUMP_TARGET,-1,case C99:,5,68,case,,,4,CPPASTCaseStatement
81604379378,JUMP_TARGET,-1,case C11:,5,70,case,,,7,CPPASTCaseStatement
81604379379,JUMP_TARGET,-1,case C17:,5,72,case,,,10,CPPASTCaseStatement
81604379380,JUMP_TARGET,-1,case C23:,5,74,case,,,13,CPPASTCaseStatement
81604379381,JUMP_TARGET,-1,case simplecpp::CPP03:,5,88,case,,,1,CPPASTCaseStatement
81604379382,JUMP_TARGET,-1,case simplecpp::CPP11:,5,90,case,,,4,CPPASTCaseStatement
81604379383,JUMP_TARGET,-1,case simplecpp::CPP14:,5,92,case,,,7,CPPASTCaseStatement
81604379384,JUMP_TARGET,-1,case simplecpp::CPP17:,5,94,case,,,10,CPPASTCaseStatement
81604379385,JUMP_TARGET,-1,case simplecpp::CPP20:,5,96,case,,,13,CPPASTCaseStatement
81604379386,JUMP_TARGET,-1,case simplecpp::CPP23:,5,98,case,,,16,CPPASTCaseStatement
81604379387,JUMP_TARGET,-1,case simplecpp::CPP26:,5,100,case,,,19,CPPASTCaseStatement
81604379388,JUMP_TARGET,-1,case simplecpp::CPPUnknown:,5,102,case,,,22,CPPASTCaseStatement
81604379389,JUMP_TARGET,-1,case CPP03:,5,129,case,,,1,CPPASTCaseStatement
81604379390,JUMP_TARGET,-1,case CPP11:,5,131,case,,,4,CPPASTCaseStatement
81604379391,JUMP_TARGET,-1,case CPP14:,5,133,case,,,7,CPPASTCaseStatement
81604379392,JUMP_TARGET,-1,case CPP17:,5,135,case,,,10,CPPASTCaseStatement
81604379393,JUMP_TARGET,-1,case CPP20:,5,137,case,,,13,CPPASTCaseStatement
81604379394,JUMP_TARGET,-1,case CPP23:,5,139,case,,,16,CPPASTCaseStatement
81604379395,JUMP_TARGET,-1,case CPP26:,5,141,case,,,19,CPPASTCaseStatement
81604379396,JUMP_TARGET,-1,case '_':,5,63,case,,,1,CPPASTCaseStatement
81604379397,JUMP_TARGET,-1,case '-':,5,64,case,,,3,CPPASTCaseStatement
81604379398,JUMP_TARGET,-1,case '.':,5,65,case,,,5,CPPASTCaseStatement
81604379399,JUMP_TARGET,-1,case '*':,5,66,case,,,7,CPPASTCaseStatement
81604379400,JUMP_TARGET,-1,default:,5,68,default,,,10,CPPASTDefaultStatement
81604379401,JUMP_TARGET,-1,case ValueType::Type::CHAR:,17,1860,case,,,1,CPPASTCaseStatement
81604379402,JUMP_TARGET,-1,case ValueType::Type::SHORT:,17,1863,case,,,5,CPPASTCaseStatement
81604379403,JUMP_TARGET,-1,case ValueType::Type::INT:,17,1866,case,,,9,CPPASTCaseStatement
81604379404,JUMP_TARGET,-1,case ValueType::Type::LONG:,17,1869,case,,,13,CPPASTCaseStatement
81604379405,JUMP_TARGET,-1,case ValueType::Type::LONGLONG:,17,1872,case,,,17,CPPASTCaseStatement
81604379406,JUMP_TARGET,-1,default:,17,1875,default,,,21,CPPASTDefaultStatement
81604379407,JUMP_TARGET,-1,case ScopeType::eGlobal:,5,3769,case,,,1,CPPASTCaseStatement
81604379408,JUMP_TARGET,-1,case ScopeType::eClass:,5,3771,case,,,4,CPPASTCaseStatement
81604379409,JUMP_TARGET,-1,case ScopeType::eStruct:,5,3773,case,,,7,CPPASTCaseStatement
81604379410,JUMP_TARGET,-1,case ScopeType::eUnion:,5,3775,case,,,10,CPPASTCaseStatement
81604379411,JUMP_TARGET,-1,case ScopeType::eNamespace:,5,3777,case,,,13,CPPASTCaseStatement
81604379412,JUMP_TARGET,-1,case ScopeType::eFunction:,5,3779,case,,,16,CPPASTCaseStatement
81604379413,JUMP_TARGET,-1,case ScopeType::eIf:,5,3781,case,,,19,CPPASTCaseStatement
81604379414,JUMP_TARGET,-1,case ScopeType::eElse:,5,3783,case,,,22,CPPASTCaseStatement
81604379415,JUMP_TARGET,-1,case ScopeType::eFor:,5,3785,case,,,25,CPPASTCaseStatement
81604379416,JUMP_TARGET,-1,case ScopeType::eWhile:,5,3787,case,,,28,CPPASTCaseStatement
81604379417,JUMP_TARGET,-1,case ScopeType::eDo:,5,3789,case,,,31,CPPASTCaseStatement
81604379418,JUMP_TARGET,-1,case ScopeType::eSwitch:,5,3791,case,,,34,CPPASTCaseStatement
81604379419,JUMP_TARGET,-1,case ScopeType::eTry:,5,3793,case,,,37,CPPASTCaseStatement
81604379420,JUMP_TARGET,-1,case ScopeType::eCatch:,5,3795,case,,,40,CPPASTCaseStatement
81604379421,JUMP_TARGET,-1,case ScopeType::eUnconditional:,5,3797,case,,,43,CPPASTCaseStatement
81604379422,JUMP_TARGET,-1,case ScopeType::eLambda:,5,3799,case,,,46,CPPASTCaseStatement
81604379423,JUMP_TARGET,-1,case ScopeType::eEnum:,5,3801,case,,,49,CPPASTCaseStatement
81604379424,JUMP_TARGET,-1,case AccessControl::Public:,5,3816,case,,,1,CPPASTCaseStatement
81604379425,JUMP_TARGET,-1,case AccessControl::Protected:,5,3818,case,,,4,CPPASTCaseStatement
81604379426,JUMP_TARGET,-1,case AccessControl::Private:,5,3820,case,,,7,CPPASTCaseStatement
81604379427,JUMP_TARGET,-1,case AccessControl::Global:,5,3822,case,,,10,CPPASTCaseStatement
81604379428,JUMP_TARGET,-1,case AccessControl::Namespace:,5,3824,case,,,13,CPPASTCaseStatement
81604379429,JUMP_TARGET,-1,case AccessControl::Argument:,5,3826,case,,,16,CPPASTCaseStatement
81604379430,JUMP_TARGET,-1,case AccessControl::Local:,5,3828,case,,,19,CPPASTCaseStatement
81604379431,JUMP_TARGET,-1,case AccessControl::Throw:,5,3830,case,,,22,CPPASTCaseStatement
81604379432,JUMP_TARGET,-1,case FunctionType::eConstructor:,5,3839,case,,,1,CPPASTCaseStatement
81604379433,JUMP_TARGET,-1,case FunctionType::eCopyConstructor:,5,3841,case,,,4,CPPASTCaseStatement
81604379434,JUMP_TARGET,-1,case FunctionType::eMoveConstructor:,5,3843,case,,,7,CPPASTCaseStatement
81604379435,JUMP_TARGET,-1,case FunctionType::eOperatorEqual:,5,3845,case,,,10,CPPASTCaseStatement
81604379436,JUMP_TARGET,-1,case FunctionType::eDestructor:,5,3847,case,,,13,CPPASTCaseStatement
81604379437,JUMP_TARGET,-1,case FunctionType::eFunction:,5,3849,case,,,16,CPPASTCaseStatement
81604379438,JUMP_TARGET,-1,case FunctionType::eLambda:,5,3851,case,,,19,CPPASTCaseStatement
81604379439,JUMP_TARGET,-1,default:,5,3853,default,,,22,CPPASTDefaultStatement
81604379440,JUMP_TARGET,-1,case ScopeType::eGlobal:,5,4788,case,,,1,CPPASTCaseStatement
81604379441,JUMP_TARGET,-1,case ScopeType::eClass:,5,4790,case,,,4,CPPASTCaseStatement
81604379442,JUMP_TARGET,-1,case ScopeType::eStruct:,5,4792,case,,,7,CPPASTCaseStatement
81604379443,JUMP_TARGET,-1,case ScopeType::eUnion:,5,4794,case,,,10,CPPASTCaseStatement
81604379444,JUMP_TARGET,-1,case ScopeType::eNamespace:,5,4796,case,,,13,CPPASTCaseStatement
81604379445,JUMP_TARGET,-1,default:,5,4798,default,,,16,CPPASTDefaultStatement
81604379446,JUMP_TARGET,-1,case UNKNOWN_TYPE:,5,8032,case,,,1,CPPASTCaseStatement
81604379447,JUMP_TARGET,-1,case NONSTD:,5,8034,case,,,4,CPPASTCaseStatement
81604379448,JUMP_TARGET,-1,case POD:,5,8037,case,,,8,CPPASTCaseStatement
81604379449,JUMP_TARGET,-1,case RECORD:,5,8040,case,,,12,CPPASTCaseStatement
81604379450,JUMP_TARGET,-1,case SMART_POINTER:,5,8043,case,,,16,CPPASTCaseStatement
81604379451,JUMP_TARGET,-1,case CONTAINER:,5,8046,case,,,20,CPPASTCaseStatement
81604379452,JUMP_TARGET,-1,case ITERATOR:,5,8053,case,,,23,CPPASTCaseStatement
81604379453,JUMP_TARGET,-1,case VOID:,5,8056,case,,,27,CPPASTCaseStatement
81604379454,JUMP_TARGET,-1,case BOOL:,5,8059,case,,,31,CPPASTCaseStatement
81604379455,JUMP_TARGET,-1,case CHAR:,5,8062,case,,,35,CPPASTCaseStatement
81604379456,JUMP_TARGET,-1,case SHORT:,5,8065,case,,,39,CPPASTCaseStatement
81604379457,JUMP_TARGET,-1,case WCHAR_T:,5,8068,case,,,43,CPPASTCaseStatement
81604379458,JUMP_TARGET,-1,case INT:,5,8071,case,,,47,CPPASTCaseStatement
81604379459,JUMP_TARGET,-1,case LONG:,5,8074,case,,,51,CPPASTCaseStatement
81604379460,JUMP_TARGET,-1,case LONGLONG:,5,8077,case,,,55,CPPASTCaseStatement
81604379461,JUMP_TARGET,-1,case UNKNOWN_INT:,5,8080,case,,,59,CPPASTCaseStatement
81604379462,JUMP_TARGET,-1,case FLOAT:,5,8083,case,,,63,CPPASTCaseStatement
81604379463,JUMP_TARGET,-1,case DOUBLE:,5,8086,case,,,67,CPPASTCaseStatement
81604379464,JUMP_TARGET,-1,case LONGDOUBLE:,5,8089,case,,,71,CPPASTCaseStatement
81604379465,JUMP_TARGET,-1,case Sign::UNKNOWN_SIGN:,5,8095,case,,,1,CPPASTCaseStatement
81604379466,JUMP_TARGET,-1,case Sign::SIGNED:,5,8097,case,,,4,CPPASTCaseStatement
81604379467,JUMP_TARGET,-1,case Sign::UNSIGNED:,5,8100,case,,,8,CPPASTCaseStatement
81604379468,JUMP_TARGET,-1,case ValueType::Type::BOOL:,5,8173,case,,,1,CPPASTCaseStatement
81604379469,JUMP_TARGET,-1,case ValueType::Type::CHAR:,5,8175,case,,,4,CPPASTCaseStatement
81604379470,JUMP_TARGET,-1,case ValueType::Type::SHORT:,5,8177,case,,,7,CPPASTCaseStatement
81604379471,JUMP_TARGET,-1,case ValueType::Type::WCHAR_T:,5,8179,case,,,10,CPPASTCaseStatement
81604379472,JUMP_TARGET,-1,case ValueType::Type::INT:,5,8181,case,,,13,CPPASTCaseStatement
81604379473,JUMP_TARGET,-1,case ValueType::Type::LONG:,5,8183,case,,,16,CPPASTCaseStatement
81604379474,JUMP_TARGET,-1,case ValueType::Type::LONGLONG:,5,8185,case,,,19,CPPASTCaseStatement
81604379475,JUMP_TARGET,-1,case ValueType::Type::FLOAT:,5,8187,case,,,22,CPPASTCaseStatement
81604379476,JUMP_TARGET,-1,case ValueType::Type::DOUBLE:,5,8189,case,,,25,CPPASTCaseStatement
81604379477,JUMP_TARGET,-1,case ValueType::Type::LONGDOUBLE:,5,8191,case,,,28,CPPASTCaseStatement
81604379478,JUMP_TARGET,-1,default:,5,8193,default,,,31,CPPASTDefaultStatement
81604379479,JUMP_TARGET,-1,case Token::eBoolean:,29,917,case,,,1,CPPASTCaseStatement
81604379480,JUMP_TARGET,-1,case Token::eChar:,29,920,case,,,5,CPPASTCaseStatement
81604379481,JUMP_TARGET,-1,case Token::eString:,29,926,case,,,9,CPPASTCaseStatement
81604379482,JUMP_TARGET,-1,case Token::eNumber:,29,934,case,,,15,CPPASTCaseStatement
81604379483,JUMP_TARGET,-1,default:,29,960,default,,,18,CPPASTDefaultStatement
81604379484,JUMP_TARGET,-1,case '<':,13,2396,case,,,1,CPPASTCaseStatement
81604379485,JUMP_TARGET,-1,case '>':,13,2399,case,,,5,CPPASTCaseStatement
81604379486,JUMP_TARGET,-1,case '&':,13,2402,case,,,9,CPPASTCaseStatement
81604379487,JUMP_TARGET,-1,case '|':,13,2405,case,,,13,CPPASTCaseStatement
81604379488,JUMP_TARGET,-1,case '^':,13,2408,case,,,17,CPPASTCaseStatement
81604379489,JUMP_TARGET,-1,case 'v':,5,409,case,,,1,CPPASTCaseStatement
81604379490,JUMP_TARGET,-1,case 't':,5,425,case,,,5,CPPASTCaseStatement
81604379491,JUMP_TARGET,-1,case 'a':,5,433,case,,,9,CPPASTCaseStatement
81604379492,JUMP_TARGET,-1,case 'n':,5,446,case,,,13,CPPASTCaseStatement
81604379493,JUMP_TARGET,-1,case 'c':,5,460,case,,,17,CPPASTCaseStatement
81604379494,JUMP_TARGET,-1,case 's':,5,482,case,,,21,CPPASTCaseStatement
81604379495,JUMP_TARGET,-1,case 'b':,5,490,case,,,25,CPPASTCaseStatement
81604379496,JUMP_TARGET,-1,case 'o':,5,498,case,,,29,CPPASTCaseStatement
81604379497,JUMP_TARGET,-1,default:,5,523,default,,,33,CPPASTDefaultStatement
81604379498,JUMP_TARGET,-1,case ValueFlow::Value::ValueKind::Impossible:,17,1783,case,,,1,CPPASTCaseStatement
81604379499,JUMP_TARGET,-1,case ValueFlow::Value::ValueKind::Known:,17,1784,case,,,3,CPPASTCaseStatement
81604379500,JUMP_TARGET,-1,case ValueFlow::Value::ValueKind::Inconclusive:,17,1787,case,,,7,CPPASTCaseStatement
81604379501,JUMP_TARGET,-1,case ValueFlow::Value::ValueKind::Possible:,17,1790,case,,,11,CPPASTCaseStatement
81604379502,JUMP_TARGET,-1,case ValueFlow::Value::ValueType::INT:,17,1802,case,,,1,CPPASTCaseStatement
81604379503,JUMP_TARGET,-1,case ValueFlow::Value::ValueType::TOK:,17,1814,case,,,5,CPPASTCaseStatement
81604379504,JUMP_TARGET,-1,case ValueFlow::Value::ValueType::FLOAT:,17,1819,case,,,11,CPPASTCaseStatement
81604379505,JUMP_TARGET,-1,case ValueFlow::Value::ValueType::MOVED:,17,1824,case,,,17,CPPASTCaseStatement
81604379506,JUMP_TARGET,-1,case ValueFlow::Value::ValueType::UNINIT:,17,1829,case,,,23,CPPASTCaseStatement
81604379507,JUMP_TARGET,-1,case ValueFlow::Value::ValueType::BUFFER_SIZE:,17,1832,case,,,27,CPPASTCaseStatement
81604379508,JUMP_TARGET,-1,case ValueFlow::Value::ValueType::CONTAINER_SIZE:,17,1837,case,,,33,CPPASTCaseStatement
81604379509,JUMP_TARGET,-1,case ValueFlow::Value::ValueType::ITERATOR_START:,17,1842,case,,,39,CPPASTCaseStatement
81604379510,JUMP_TARGET,-1,case ValueFlow::Value::ValueType::ITERATOR_END:,17,1847,case,,,45,CPPASTCaseStatement
81604379511,JUMP_TARGET,-1,case ValueFlow::Value::ValueType::LIFETIME:,17,1852,case,,,51,CPPASTCaseStatement
81604379512,JUMP_TARGET,-1,case ValueFlow::Value::ValueType::SYMBOLIC:,17,1863,case,,,63,CPPASTCaseStatement
81604379513,JUMP_TARGET,-1,case isLongLong:,9,2079,case,,,1,CPPASTCaseStatement
81604379514,JUMP_TARGET,-1,case isLong:,9,2083,case,,,6,CPPASTCaseStatement
81604379515,JUMP_TARGET,-1,case isInt:,9,2086,case,,,10,CPPASTCaseStatement
81604379516,JUMP_TARGET,-1,case '*':,13,64,case,,,1,CPPASTCaseStatement
81604379517,JUMP_TARGET,-1,case '?':,13,74,case,,,6,CPPASTCaseStatement
81604379518,JUMP_TARGET,-1,default:,13,82,default,,,10,CPPASTDefaultStatement
81604379519,JUMP_TARGET,-1,case ValueFlow::Value::LifetimeKind::Lambda:,5,1363,case,,,1,CPPASTCaseStatement
81604379520,JUMP_TARGET,-1,case ValueFlow::Value::LifetimeKind::Iterator:,5,1366,case,,,5,CPPASTCaseStatement
81604379521,JUMP_TARGET,-1,case ValueFlow::Value::LifetimeKind::Object:,5,1369,case,,,9,CPPASTCaseStatement
81604379522,JUMP_TARGET,-1,case ValueFlow::Value::LifetimeKind::SubObject:,5,1370,case,,,11,CPPASTCaseStatement
81604379523,JUMP_TARGET,-1,case ValueFlow::Value::LifetimeKind::Address:,5,1371,case,,,13,CPPASTCaseStatement
81604379524,JUMP_TARGET,-1,case ValueFlow::Value::LifetimeKind::SubObject:,13,1398,case,,,1,CPPASTCaseStatement
81604379525,JUMP_TARGET,-1,case ValueFlow::Value::LifetimeKind::Object:,13,1399,case,,,3,CPPASTCaseStatement
81604379526,JUMP_TARGET,-1,case ValueFlow::Value::LifetimeKind::Address:,13,1400,case,,,5,CPPASTCaseStatement
81604379527,JUMP_TARGET,-1,case ValueFlow::Value::LifetimeKind::Lambda:,13,1406,case,,,9,CPPASTCaseStatement
81604379528,JUMP_TARGET,-1,case ValueFlow::Value::LifetimeKind::Iterator:,13,1409,case,,,13,CPPASTCaseStatement
81604379529,JUMP_TARGET,-1,case '+':,9,6080,case,,,1,CPPASTCaseStatement
81604379530,JUMP_TARGET,-1,case '-':,9,6084,case,,,4,CPPASTCaseStatement
81604379531,JUMP_TARGET,-1,case '*':,9,6091,case,,,7,CPPASTCaseStatement
81604379532,JUMP_TARGET,-1,case '^':,9,6097,case,,,10,CPPASTCaseStatement
81604379533,JUMP_TARGET,-1,case Library::Container::Action::RESIZE:,5,6118,case,,,1,CPPASTCaseStatement
81604379534,JUMP_TARGET,-1,case Library::Container::Action::CLEAR:,5,6119,case,,,3,CPPASTCaseStatement
81604379535,JUMP_TARGET,-1,case Library::Container::Action::PUSH:,5,6120,case,,,5,CPPASTCaseStatement
81604379536,JUMP_TARGET,-1,case Library::Container::Action::POP:,5,6121,case,,,7,CPPASTCaseStatement
81604379537,JUMP_TARGET,-1,case Library::Container::Action::CHANGE:,5,6122,case,,,9,CPPASTCaseStatement
81604379538,JUMP_TARGET,-1,case Library::Container::Action::INSERT:,5,6123,case,,,11,CPPASTCaseStatement
81604379539,JUMP_TARGET,-1,case Library::Container::Action::ERASE:,5,6124,case,,,13,CPPASTCaseStatement
81604379540,JUMP_TARGET,-1,case Library::Container::Action::APPEND:,5,6125,case,,,15,CPPASTCaseStatement
81604379541,JUMP_TARGET,-1,case Library::Container::Action::NO_ACTION:,5,6127,case,,,18,CPPASTCaseStatement
81604379542,JUMP_TARGET,-1,case Library::Container::Action::FIND:,5,6134,case,,,22,CPPASTCaseStatement
81604379543,JUMP_TARGET,-1,case Library::Container::Action::FIND_CONST:,5,6135,case,,,24,CPPASTCaseStatement
81604379544,JUMP_TARGET,-1,case Library::Container::Action::CHANGE_CONTENT:,5,6136,case,,,26,CPPASTCaseStatement
81604379545,JUMP_TARGET,-1,case Library::Container::Action::CHANGE_INTERNAL:,5,6137,case,,,28,CPPASTCaseStatement
81604379546,JUMP_TARGET,-1,case Library::AllocFunc::BufferSize::none:,9,6769,case,,,1,CPPASTCaseStatement
81604379547,JUMP_TARGET,-1,case Library::AllocFunc::BufferSize::malloc:,9,6771,case,,,4,CPPASTCaseStatement
81604379548,JUMP_TARGET,-1,case Library::AllocFunc::BufferSize::calloc:,9,6775,case,,,8,CPPASTCaseStatement
81604379549,JUMP_TARGET,-1,case Library::AllocFunc::BufferSize::strdup:,9,6779,case,,,12,CPPASTCaseStatement
81604379550,JUMP_TARGET,-1,case Library::Container::Action::PUSH:,13,1505,case,,,1,CPPASTCaseStatement
81604379551,JUMP_TARGET,-1,case Library::Container::Action::POP:,13,1508,case,,,5,CPPASTCaseStatement
81604379552,JUMP_TARGET,-1,case Library::Container::Action::APPEND:,13,1511,case,,,9,CPPASTCaseStatement
81604379553,JUMP_TARGET,-1,default:,13,1519,default,,,12,CPPASTDefaultStatement
81604379554,JUMP_TARGET,-1,case ValueType::Type::BOOL:,9,51,case,,,1,CPPASTCaseStatement
81604379555,JUMP_TARGET,-1,case ValueType::Type::CHAR:,9,54,case,,,5,CPPASTCaseStatement
81604379556,JUMP_TARGET,-1,case ValueType::Type::SHORT:,9,57,case,,,9,CPPASTCaseStatement
81604379557,JUMP_TARGET,-1,case ValueType::Type::INT:,9,60,case,,,13,CPPASTCaseStatement
81604379558,JUMP_TARGET,-1,case ValueType::Type::LONG:,9,63,case,,,17,CPPASTCaseStatement
81604379559,JUMP_TARGET,-1,case ValueType::Type::LONGLONG:,9,66,case,,,21,CPPASTCaseStatement
81604379560,JUMP_TARGET,-1,default:,9,69,default,,,25,CPPASTDefaultStatement
81604379561,JUMP_TARGET,-1,case Value::ValueKind::Impossible:,9,360,case,,,1,CPPASTCaseStatement
81604379562,JUMP_TARGET,-1,case Value::ValueKind::Known:,9,361,case,,,3,CPPASTCaseStatement
81604379563,JUMP_TARGET,-1,case Value::ValueKind::Inconclusive:,9,364,case,,,7,CPPASTCaseStatement
81604379564,JUMP_TARGET,-1,case Value::ValueKind::Possible:,9,367,case,,,11,CPPASTCaseStatement
81604379565,JUMP_TARGET,-1,case ValueType::INT:,9,55,case,,,1,CPPASTCaseStatement
81604379566,JUMP_TARGET,-1,case ValueType::TOK:,9,58,case,,,5,CPPASTCaseStatement
81604379567,JUMP_TARGET,-1,case ValueType::FLOAT:,9,61,case,,,9,CPPASTCaseStatement
81604379568,JUMP_TARGET,-1,case ValueType::MOVED:,9,64,case,,,13,CPPASTCaseStatement
81604379569,JUMP_TARGET,-1,case ValueType::UNINIT:,9,67,case,,,17,CPPASTCaseStatement
81604379570,JUMP_TARGET,-1,case ValueType::BUFFER_SIZE:,9,70,case,,,21,CPPASTCaseStatement
81604379571,JUMP_TARGET,-1,case ValueType::CONTAINER_SIZE:,9,71,case,,,23,CPPASTCaseStatement
81604379572,JUMP_TARGET,-1,case ValueType::ITERATOR_START:,9,74,case,,,27,CPPASTCaseStatement
81604379573,JUMP_TARGET,-1,case ValueType::ITERATOR_END:,9,77,case,,,31,CPPASTCaseStatement
81604379574,JUMP_TARGET,-1,case ValueType::LIFETIME:,9,80,case,,,35,CPPASTCaseStatement
81604379575,JUMP_TARGET,-1,case ValueType::SYMBOLIC:,9,84,case,,,39,CPPASTCaseStatement
81604379576,JUMP_TARGET,-1,case ValueType::INT:,9,103,case,,,1,CPPASTCaseStatement
81604379577,JUMP_TARGET,-1,case ValueType::TOK:,9,105,case,,,4,CPPASTCaseStatement
81604379578,JUMP_TARGET,-1,case ValueType::FLOAT:,9,107,case,,,7,CPPASTCaseStatement
81604379579,JUMP_TARGET,-1,case ValueType::MOVED:,9,109,case,,,10,CPPASTCaseStatement
81604379580,JUMP_TARGET,-1,case ValueType::UNINIT:,9,111,case,,,13,CPPASTCaseStatement
81604379581,JUMP_TARGET,-1,case ValueType::BUFFER_SIZE:,9,113,case,,,16,CPPASTCaseStatement
81604379582,JUMP_TARGET,-1,case ValueType::CONTAINER_SIZE:,9,114,case,,,18,CPPASTCaseStatement
81604379583,JUMP_TARGET,-1,case ValueType::ITERATOR_START:,9,116,case,,,21,CPPASTCaseStatement
81604379584,JUMP_TARGET,-1,case ValueType::ITERATOR_END:,9,118,case,,,24,CPPASTCaseStatement
81604379585,JUMP_TARGET,-1,case ValueType::LIFETIME:,9,120,case,,,27,CPPASTCaseStatement
81604379586,JUMP_TARGET,-1,case ValueType::SYMBOLIC:,9,122,case,,,30,CPPASTCaseStatement
81604379587,JUMP_TARGET,-1,case MoveKind::NonMovedVariable:,9,137,case,,,1,CPPASTCaseStatement
81604379588,JUMP_TARGET,-1,case MoveKind::MovedVariable:,9,139,case,,,4,CPPASTCaseStatement
81604379589,JUMP_TARGET,-1,case MoveKind::ForwardedVariable:,9,141,case,,,7,CPPASTCaseStatement
81604379590,JUMP_TARGET,-1,case LifetimeKind::Object:,9,149,case,,,1,CPPASTCaseStatement
81604379591,JUMP_TARGET,-1,case LifetimeKind::SubObject:,9,151,case,,,4,CPPASTCaseStatement
81604379592,JUMP_TARGET,-1,case LifetimeKind::Lambda:,9,153,case,,,7,CPPASTCaseStatement
81604379593,JUMP_TARGET,-1,case LifetimeKind::Iterator:,9,155,case,,,10,CPPASTCaseStatement
81604379594,JUMP_TARGET,-1,case LifetimeKind::Address:,9,157,case,,,13,CPPASTCaseStatement
81604379595,JUMP_TARGET,-1,case LifetimeScope::Local:,9,175,case,,,1,CPPASTCaseStatement
81604379596,JUMP_TARGET,-1,case LifetimeScope::Argument:,9,177,case,,,4,CPPASTCaseStatement
81604379597,JUMP_TARGET,-1,case LifetimeScope::SubFunction:,9,179,case,,,7,CPPASTCaseStatement
81604379598,JUMP_TARGET,-1,case LifetimeScope::ThisPointer:,9,181,case,,,10,CPPASTCaseStatement
81604379599,JUMP_TARGET,-1,case LifetimeScope::ThisValue:,9,183,case,,,13,CPPASTCaseStatement
81604379600,JUMP_TARGET,-1,case Bound::Point:,9,191,case,,,1,CPPASTCaseStatement
81604379601,JUMP_TARGET,-1,case Bound::Upper:,9,193,case,,,4,CPPASTCaseStatement
81604379602,JUMP_TARGET,-1,case Bound::Lower:,9,195,case,,,7,CPPASTCaseStatement
81604379603,JUMP_TARGET,-1,case 0:,5,58,case,,,1,CPPASTCaseStatement
81604379604,JUMP_TARGET,-1,case 1:,5,61,case,,,5,CPPASTCaseStatement
81604379605,JUMP_TARGET,-1,case 2:,5,65,case,,,10,CPPASTCaseStatement
81604379606,JUMP_TARGET,-1,case 0:,5,80,case,,,1,CPPASTCaseStatement
81604379607,JUMP_TARGET,-1,case 1:,5,82,case,,,4,CPPASTCaseStatement
81604379608,JUMP_TARGET,-1,case 2:,5,95,case,,,7,CPPASTCaseStatement
81604379609,JUMP_TARGET,-1,default:,5,103,default,,,10,CPPASTDefaultStatement
